frame,ball_x_video,ball_y_video,ball_x_field,ball_y_field,player_id,projection_method
10,215.843023255814,569.8633720930233,,,,no_contact
11,215.41952506596303,571.4881266490765,,,,no_contact
12,215.703125,573.9479166666666,,,,no_contact
13,217.1994134897361,577.782991202346,,,,no_contact
14,217.94610778443115,582.6377245508982,,,,no_contact
15,218.95375722543352,587.9739884393064,,,,no_contact
16,219.3030303030303,596.0909090909091,,,,no_contact
17,219.80407124681932,605.9262086513995,,,,no_contact
18,219.28832116788325,618.0656934306569,,,,no_contact
19,219.53103448275863,643.244827586207,,,,no_contact
20,238.4617021276596,645.4914893617022,,,,no_contact
21,344.2198795180723,586.4427710843373,,,,no_contact
22,387.23746701846966,581.1451187335092,,,,no_contact
23,431.72289156626505,574.6295180722891,,,,no_contact
24,475.2415902140673,569.8409785932722,,,,no_contact
25,519.9420731707318,565.0853658536586,,,,no_contact
26,565.563492063492,561.6560846560847,,,,no_contact
27,610.9119170984455,558.4326424870467,,,,no_contact
28,654.2556390977444,556.7669172932331,,,,no_contact
29,699.8151658767772,555.431279620853,,,,no_contact
30,745.3315649867374,555.7347480106101,,,,no_contact
31,790.7350835322196,558.219570405728,,,,no_contact
32,835.3609022556391,560.3934837092731,887.0861206054688,1685.3525390625,1.0,contact
33,879.1090909090909,561.730303030303,892.5985107421875,1738.26513671875,1.0,contact
34,922.739247311828,567.2043010752689,892.5985107421875,1738.26513671875,1.0,contact
35,966.9556786703602,572.6648199445983,892.5985107421875,1738.26513671875,1.0,contact
36,1009.2910052910051,579.1428571428571,898.6458740234375,1796.3121337890625,1.0,contact
37,1052.176605504587,585.8967889908257,892.5985107421875,1738.26513671875,1.0,contact
38,1094.2422611036338,590.892328398385,,,,no_contact
39,1131.3392156862744,599.878431372549,,,,no_contact
40,1173.2628992628993,610.6658476658477,,,,no_contact
41,1211.5063613231553,619.6081424936386,,,,no_contact
42,1249.505405405405,629.6918918918919,,,,no_contact
43,1286.6573604060914,640.746192893401,,,,no_contact
44,1324.2693333333334,652.96,,,,no_contact
45,1360.0,665.4540059347181,,,,no_contact
46,1395.2951807228917,678.4518072289156,,,,no_contact
47,1429.2120141342757,692.4628975265018,,,,no_contact
48,1439.7016393442625,684.2163934426229,,,,no_contact
49,1434.0,638.7507598784194,,,,no_contact
50,1434.1301587301589,638.7968253968254,,,,no_contact
51,1431.4495412844035,617.1422018348624,,,,no_contact
52,1425.8108108108108,605.706081081081,,,,no_contact
53,1425.2119402985074,582.7194029850747,,,,no_contact
54,1420.6637168141592,564.5870206489675,,,,no_contact
55,1415.931343283582,530.9582089552239,,,,no_contact
56,1409.3386004514673,515.9458239277652,,,,no_contact
57,1405.2237093690248,512.6462715105163,,,,no_contact
58,1404.181959564541,511.9144634525661,,,,no_contact
59,1403.632218844985,511.4620060790273,,,,no_contact
60,,,,,,missing
61,1393.769716088328,455.2902208201893,,,,no_contact
62,1399.9050925925926,448.75,,,,no_contact
63,1401.0765306122448,449.0637755102041,,,,no_contact
64,1401.746073298429,449.0366492146597,,,,no_contact
65,1400.8199052132702,448.7369668246445,,,,no_contact
66,1374.923076923077,421.5418060200669,,,,no_contact
67,1371.513353115727,417.24035608308606,,,,no_contact
68,1368.5,413.2781456953642,,,,no_contact
69,1365.8616714697407,412.6772334293948,,,,no_contact
70,1361.479695431472,411.4416243654823,,,,no_contact
71,1356.943820224719,410.85393258426967,,,,no_contact
72,1353.6863905325445,411.5917159763314,,,,no_contact
73,1353.8414985590778,411.46109510086455,,,,no_contact
74,1346.0392156862745,415.2156862745098,,,,no_contact
75,1342.03785488959,418.5331230283912,,,,no_contact
76,1339.5436893203882,423.7540453074434,,,,no_contact
77,1339.8714285714286,427.72857142857146,,,,no_contact
78,1329.3731343283582,435.3258706467662,,,,no_contact
79,1335.7658536585366,441.6341463414634,,,,no_contact
80,1333.1910994764398,449.4947643979058,,,,no_contact
81,1333.8476821192053,457.5298013245033,,,,no_contact
82,1346.5931034482758,474.4758620689655,,,,no_contact
83,1312.4098360655737,482.3377049180328,,,,no_contact
84,1312.1833740831296,494.8312958435208,,,,no_contact
85,1305.7063953488373,505.4447674418605,,,,no_contact
86,1303.5943204868154,522.3874239350913,,,,no_contact
87,1294.4230055658627,537.517625231911,,,,no_contact
88,1291.072607260726,551.9075907590759,,,,no_contact
89,1288.1450151057402,569.3111782477341,,,,no_contact
90,1282.806215722121,590.762340036563,,,,no_contact
91,1279.4971098265896,599.5279383429672,,,,no_contact
92,1276.0,625.004555808656,,,,no_contact
93,1271.5675,641.4475,,,,no_contact
94,1267.3762886597938,662.8788659793814,305.2041320800781,915.8982543945312,3.0,contact
95,1263.2955801104972,667.4723756906077,328.2810363769531,905.7164306640624,3.0,contact
96,1261.5976331360946,643.8668639053254,314.5812072753906,916.1614379882812,3.0,contact
97,1258.141689373297,622.4604904632153,342.3643798828125,900.909912109375,3.0,contact
98,,,,,,missing
99,1252.7164179104475,576.0179104477612,,,,no_contact
100,1250.1390532544378,555.603550295858,,,,no_contact
101,1247.6608478802991,538.2418952618453,,,,no_contact
102,1245.2992518703245,517.216957605985,,,,no_contact
103,1242.829081632653,501.1352040816327,,,,no_contact
104,1241.153039832285,484.9454926624738,,,,no_contact
105,1238.6435185185185,467.7476851851852,,,,no_contact
106,1236.2936507936508,452.7936507936508,,,,no_contact
107,1232.7692307692307,436.92657342657344,,,,no_contact
108,1230.9813664596272,428.3167701863354,,,,no_contact
109,1228.8682795698924,414.80913978494624,,,,no_contact
110,1225.9939209726444,404.82978723404256,,,,no_contact
111,1224.184065934066,396.0274725274725,,,,no_contact
112,1218.8076923076924,388.19038461538463,,,,no_contact
113,1219.217798594848,379.2295081967213,,,,no_contact
114,1215.2210796915167,372.0539845758355,,,,no_contact
115,1212.233502538071,367.3096446700508,,,,no_contact
116,1209.4179487179488,362.35641025641024,,,,no_contact
117,1208.01312335958,361.2703412073491,,,,no_contact
118,1206.2582159624412,359.6807511737089,,,,no_contact
119,1205.1525,358.8475,,,,no_contact
120,1202.6985413290113,355.9141004862237,,,,no_contact
121,1201.3060344827586,356.9978448275862,,,,no_contact
122,1198.914893617021,358.4872340425532,,,,no_contact
123,1195.091517857143,357.86607142857144,,,,no_contact
124,1193.7858823529411,362.6941176470588,,,,no_contact
125,1190.2451193058569,370.5986984815618,,,,no_contact
126,1185.251407129456,375.2607879924953,,,,no_contact
127,1186.2847100175748,382.9297012302285,,,,no_contact
128,1182.9229208924949,391.8397565922921,,,,no_contact
129,1180.6988416988418,402.1640926640927,,,,no_contact
130,1178.2083333333333,410.9953703703704,,,,no_contact
131,1176.6325167037862,422.76837416481067,,,,no_contact
132,1175.9430894308944,433.9329268292683,,,,no_contact
133,1176.285132382892,448.2382892057026,,,,no_contact
134,1159.4170124481327,464.304979253112,,,,no_contact
135,1162.836291913215,481.4003944773176,,,,no_contact
136,1162.251461988304,498.07212475633526,,,,no_contact
137,1160.620525059666,514.4653937947494,,,,no_contact
138,1159.1854838709678,534.8346774193549,,,,no_contact
139,1158.464,552.2453333333333,,,,no_contact
140,1156.9132321041216,575.7830802603037,312.6775207519531,1406.6063232421875,4.0,contact
141,1152.953488372093,595.572450805009,493.9397583007813,1119.5799560546875,4.0,contact
142,1151.875,621.0884615384615,495.5799865722656,1119.6539306640625,4.0,contact
143,1145.334745762712,631.0360169491526,525.427490234375,1072.66455078125,4.0,contact
144,1125.065913370998,620.1581920903955,533.2578735351562,1062.13134765625,4.0,contact
145,1102.0970724191063,612.2326656394453,564.778564453125,998.1249389648438,4.0,contact
146,1086.7730375426622,602.8941979522184,558.9512329101562,1023.7658081054688,3.0,contact
147,1065.5561497326205,596.2299465240642,546.6036987304688,1052.2352294921875,3.0,contact
148,1049.4490196078432,590.3333333333334,485.3960571289063,1193.3603515625,4.0,contact
149,1029.5231092436975,584.9558823529412,494.1293029785156,1177.4752197265625,4.0,contact
150,1010.7712264150944,580.502358490566,368.5836181640625,1475.17626953125,4.0,contact
151,990.8047058823528,578.2541176470588,368.5836181640625,1475.17626953125,4.0,contact
152,969.6960352422908,579.2929515418502,,,,no_contact
153,953.2985074626864,579.1705756929638,,,,no_contact
154,937.1471389645776,579.4877384196185,,,,no_contact
155,917.24200913242,579.0022831050228,,,,no_contact
156,896.1682464454976,581.7345971563981,,,,no_contact
157,877.4310344827586,585.2672413793103,,,,no_contact
158,861.3561946902655,594.1747787610619,,,,no_contact
159,850.4668141592921,598.929203539823,,,,no_contact
160,823.7846975088968,604.8078291814946,,,,no_contact
161,807.2561983471074,616.24173553719,,,,no_contact
162,790.1057082452431,625.8498942917547,,,,no_contact
163,772.9814385150812,637.3085846867749,,,,no_contact
164,757.6925,648.7225,,,,no_contact
165,740.0411311053984,662.1259640102828,,,,no_contact
166,724.7234042553191,676.8787234042553,,,,no_contact
167,709.2126582278481,691.2886075949367,1133.9110107421875,840.3643188476562,2.0,contact
168,693.9856459330143,707.2775119617224,1126.1544189453125,836.8704223632812,2.0,contact
169,678.6915422885572,724.2437810945273,1138.206787109375,843.8682861328125,2.0,contact
170,663.6850393700787,741.2362204724409,1146.534423828125,840.616943359375,2.0,contact
171,647.8226600985222,759.884236453202,1139.5128173828125,837.1341552734375,2.0,contact
172,633.5986842105264,777.7017543859649,1135.94775390625,837.0637817382812,2.0,contact
173,637.893175074184,759.7715133531158,1143.9720458984375,837.22216796875,2.0,contact
174,646.5191815856778,734.1764705882352,1134.1658935546875,837.0286254882812,2.0,contact
175,651.8003663003662,717.3369963369963,1136.1484375,847.3226928710938,5.0,contact
176,656.845041322314,716.6053719008264,1117.2552490234375,830.2402954101562,5.0,contact
177,660.5543237250554,671.3481152993348,1111.9373779296875,836.5897827148438,2.0,contact
178,666.3788300835655,645.7019498607242,1111.9373779296875,836.5897827148438,2.0,contact
179,672.5544871794872,632.0544871794872,1111.9373779296875,836.5897827148438,2.0,contact
180,677.9026548672566,613.5604719764012,,,,no_contact
181,682.4421965317919,593.9132947976879,,,,no_contact
182,690.2554347826087,579.9157608695652,,,,no_contact
183,696.9456869009584,566.1277955271565,,,,no_contact
184,702.8377723970945,551.4116222760291,,,,no_contact
185,709.0933609958506,540.207468879668,,,,no_contact
186,714.8549618320611,528.6488549618321,,,,no_contact
187,720.4009433962265,518.1627358490566,,,,no_contact
188,727.70796460177,511.8871681415929,,,,no_contact
189,730.2671755725191,501.01526717557255,,,,no_contact
190,739.6541786743516,497.7550432276657,,,,no_contact
191,744.8166666666667,496.37,,,,no_contact
192,758.4776422764228,488.979674796748,,,,no_contact
193,764.0767634854772,486.82572614107886,,,,no_contact
194,766.0982456140351,480.8912280701754,,,,no_contact
195,772.8509615384615,478.11538461538464,,,,no_contact
196,776.2932960893854,481.4581005586592,,,,no_contact
197,786.9241379310345,478.92413793103447,,,,no_contact
198,792.6952380952381,479.5523809523809,,,,no_contact
199,802.6593959731543,489.1510067114094,,,,no_contact
200,806.1725239616613,491.6437699680511,,,,no_contact
201,814.5391705069125,498.2926267281106,,,,no_contact
202,817.6858638743455,506.5471204188482,,,,no_contact
203,821.4732620320856,514.3823529411765,,,,no_contact
204,827.8306997742663,523.2663656884876,,,,no_contact
205,836.1616871704745,536.9472759226713,,,,no_contact
206,845.8155515370705,546.124773960217,,,,no_contact
207,852.0930735930735,556.8593073593073,,,,no_contact
208,857.25,568.7613636363636,,,,no_contact
209,864.1558441558442,582.5870129870129,917.621826171875,1056.4208984375,5.0,contact
210,871.3468468468468,598.0878378378378,903.4561767578124,1027.2022705078125,5.0,contact
211,879.008064516129,615.3387096774194,902.7985229492188,1045.9263916015625,5.0,contact
212,882.7454909819639,628.6412825651303,920.68212890625,1138.83056640625,5.0,contact
213,890.1683417085427,648.3693467336683,910.5701293945312,1112.3193359375,5.0,contact
214,895.1977011494253,667.0367816091954,868.7150268554688,1044.6494140625,5.0,contact
215,902.4495412844036,684.7400611620795,870.1929321289062,1044.704833984375,5.0,contact
216,909.7157190635452,696.7357859531772,865.7603759765625,1044.5386962890625,5.0,contact
217,913.5558510638298,696.0664893617021,851.7142333984375,999.8054809570312,5.0,contact
218,915.175519630485,688.6720554272517,856.6559448242188,1034.6829833984375,5.0,contact
219,912.840206185567,673.860824742268,849.4262084960938,1034.4178466796875,5.0,contact
220,907.159891598916,657.3035230352303,845.0676879882812,1025.105712890625,5.0,contact
221,904.479262672811,639.6290322580645,849.6493530273438,1053.818359375,5.0,contact
222,900.9382716049382,624.8941798941798,843.6466064453125,1043.710205078125,5.0,contact
223,898.216796875,612.53125,843.6444091796875,1053.5885009765625,5.0,contact
224,896.7798165137615,597.5091743119266,842.1117553710938,1063.8031005859375,5.0,contact
225,893.3653395784544,584.8594847775175,843.6466064453125,1043.710205078125,5.0,contact
226,889.9192399049881,573.6413301662708,846.6461181640625,1053.703369140625,5.0,contact
227,886.4975,562.8325,,,,no_contact
228,884.9521640091116,554.8496583143508,,,,no_contact
229,881.3603773584906,548.0528301886792,,,,no_contact
230,878.7239165329053,542.2921348314607,,,,no_contact
231,877.5133333333333,539.696,,,,no_contact
232,873.8701492537314,536.2343283582089,,,,no_contact
233,870.2173202614379,532.5784313725491,,,,no_contact
234,867.1114599686028,530.8006279434851,,,,no_contact
235,865.0837359098228,530.1916264090177,,,,no_contact
236,861.4844290657439,528.2664359861592,,,,no_contact
237,858.8321678321678,528.4755244755245,,,,no_contact
238,856.5883306320908,531.2009724473257,,,,no_contact
239,854.8958944281525,534.7888563049853,,,,no_contact
240,850.1845425867508,540.7129337539432,,,,no_contact
241,847.5443037974684,545.75226039783,,,,no_contact
242,844.1452991452992,554.0649572649572,,,,no_contact
243,841.5819327731092,561.0378151260504,,,,no_contact
244,839.6868250539957,569.9719222462203,,,,no_contact
245,836.1895424836601,581.7102396514161,871.671142578125,1044.7601318359375,3.0,contact
246,834.3634577603143,594.8408644400786,907.136474609375,1198.160888671875,3.0,contact
247,829.398406374502,610.0252324037184,891.2131958007812,1166.00146484375,3.0,contact
248,829.2455621301775,625.8801775147929,875.6140747070312,1087.0108642578125,3.0,contact
249,826.7916666666666,640.143115942029,875.6140747070312,1087.0108642578125,3.0,contact
250,824.709055876686,658.6859344894027,867.2374877929688,1044.5941162109375,3.0,contact
251,823.2047619047619,677.0904761904762,867.7003173828125,1054.509521484375,3.0,contact
252,820.2937062937064,696.8624708624709,868.24169921875,1035.1077880859375,3.0,contact
253,818.6864406779661,718.3919491525423,871.039306640625,1008.6795043945312,3.0,contact
254,821.5996275605214,729.9236499068901,861.7633666992188,1016.8743286132812,3.0,contact
255,846.2636363636364,715.2654545454545,868.24169921875,1035.1077880859375,3.0,contact
256,871.7064393939394,699.1363636363636,864.5545043945312,1016.9725341796876,3.0,contact
257,895.8,683.5096774193548,869.208740234375,1025.9725341796875,3.0,contact
258,919.1597510373444,672.4688796680498,865.9505615234375,1017.0216064453124,3.0,contact
259,944.8904593639576,659.1166077738516,869.208740234375,1025.9725341796875,3.0,contact
260,969.6178343949044,647.5435244161359,870.140625,1017.1690063476562,3.0,contact
261,996.435,640.29,870.140625,1017.1690063476562,3.0,contact
262,1020.1238779174148,632.4147217235188,868.74365234375,1017.119873046875,3.0,contact
263,1043.3867120954003,627.0868824531516,867.346923828125,1017.0707397460938,3.0,contact
264,1068.4929356357927,622.8178963893249,,,,no_contact
265,1093.9598145285936,619.3323029366306,,,,no_contact
266,1117.2798789712556,617.6838124054462,,,,no_contact
267,1141.2295597484276,616.9874213836478,,,,no_contact
268,1165.062968515742,617.7901049475263,,,,no_contact
269,1188.5866013071895,618.8169934640523,,,,no_contact
270,1210.0544554455446,620.0965346534654,,,,no_contact
271,1234.8703703703704,627.587542087542,,,,no_contact
272,1256.8190045248869,630.8597285067873,,,,no_contact
273,1280.961199294533,638.7037037037037,,,,no_contact
274,1302.272072072072,646.6648648648649,,,,no_contact
275,1325.1561264822135,655.9249011857708,653.8892211914062,729.5963745117188,6.0,contact
276,1347.4533333333334,666.6742857142857,658.3944702148438,723.0453491210938,2.0,contact
277,1367.8971428571429,678.5714285714286,,,,no_contact
278,1389.0717131474105,691.5099601593625,,,,no_contact
279,1409.1447368421052,705.484649122807,,,,no_contact
280,1427.6830985915492,718.5422535211268,,,,no_contact
281,1449.2246220302377,734.8704103671706,,,,no_contact
282,1467.1883116883116,752.8809523809524,,,,no_contact
283,1485.796442687747,770.2450592885375,,,,no_contact
284,1504.407643312102,788.6539278131635,,,,no_contact
285,1521.2044943820224,808.1033707865168,,,,no_contact
286,1540.3333333333333,826.6796536796537,,,,no_contact
287,1556.672811059908,849.7857142857143,,,,no_contact
288,1572.642857142857,870.7761904761904,,,,no_contact
289,1587.522,893.918,,,,no_contact
290,1602.898245614035,908.877192982456,,,,no_contact
291,1610.4061810154526,888.1147902869757,,,,no_contact
292,1620.1050119331742,872.8472553699283,,,,no_contact
293,1628.1431623931624,858.6388888888889,,,,no_contact
294,1636.075294117647,844.6470588235294,,,,no_contact
295,1643.8148984198644,830.6794582392777,,,,no_contact
296,1652.1295336787564,820.0310880829015,,,,no_contact
297,1660.19,809.8275,,,,no_contact
298,1669.1781472684086,799.8313539192399,,,,no_contact
299,1675.8875598086124,792.9258373205741,,,,no_contact
300,1683.4067357512954,786.8445595854922,,,,no_contact
301,1688.4968684759915,780.929018789144,,,,no_contact
302,1696.2769953051643,776.9037558685446,,,,no_contact
303,1704.2724719101125,772.7977528089888,,,,no_contact
304,1710.3129411764703,771.0047058823529,,,,no_contact
305,1717.254004576659,769.9267734553775,,,,no_contact
306,1723.0581655480985,769.8545861297539,,,,no_contact
307,1729.0911214953271,771.3411214953271,,,,no_contact
308,1734.324644549763,773.3056872037914,,,,no_contact
