frame,track_id,class,x,y,x1,y1,x2,y2
0,1,0,1062,1026,1022,828,1102,1026
0,2,16,1587,868,1546,741,1628,868
0,3,0,931,831,896,679,966,831
0,4,16,1463,787,1428,672,1499,787
0,5,0,34,914,0,747,68,914
0,6,0,23,906,0,764,47,906
1,1,0,1061,1026,1022,828,1101,1026
1,2,16,1587,868,1546,741,1628,868
1,3,0,931,831,896,679,966,831
1,4,16,1463,787,1428,672,1499,787
1,5,0,34,915,0,746,68,915
1,6,0,23,906,0,765,47,906
2,1,0,1061,1026,1023,829,1100,1026
2,2,16,1587,868,1546,741,1628,868
2,3,0,931,831,896,680,966,831
2,4,16,1464,787,1429,672,1499,787
2,5,0,34,915,0,744,69,915
2,6,0,23,906,0,762,47,906
3,1,0,1062,1026,1024,830,1100,1026
3,2,16,1587,868,1546,741,1628,868
3,3,0,931,831,896,681,966,831
3,4,16,1466,788,1428,672,1505,788
3,5,0,35,916,0,742,70,916
3,6,0,24,906,0,759,48,906
4,1,0,1062,1026,1025,830,1099,1026
4,2,16,1587,868,1546,741,1628,868
4,3,0,931,831,896,680,966,831
4,4,16,1464,787,1428,672,1501,787
4,5,0,34,916,0,744,69,916
4,6,0,24,905,0,765,49,905
5,1,0,1063,1026,1026,830,1100,1026
5,2,16,1587,868,1546,741,1628,868
5,3,0,931,831,896,681,966,831
5,4,16,1464,787,1429,672,1499,787
5,5,0,34,913,0,744,69,913
5,6,0,24,905,0,759,49,905
6,1,0,1063,1026,1026,830,1100,1026
6,2,16,1587,868,1546,741,1628,868
6,3,0,931,831,896,681,966,831
6,4,16,1462,787,1428,672,1497,787
6,5,0,32,910,0,745,64,910
7,1,0,1064,1027,1027,830,1101,1027
7,2,16,1587,868,1546,741,1628,868
7,3,0,931,830,896,681,966,830
7,4,16,1462,787,1428,672,1496,787
7,5,0,33,910,0,747,66,910
8,1,0,1065,1026,1029,830,1101,1026
8,2,16,1587,868,1546,741,1628,868
8,3,0,930,830,896,681,965,830
8,4,16,1462,787,1428,672,1496,787
8,5,0,33,909,0,749,66,909
9,1,0,1066,1026,1030,831,1102,1026
9,2,16,1587,867,1546,741,1628,867
9,3,0,931,831,896,684,967,831
9,4,16,1458,785,1427,672,1490,785
9,5,0,34,911,0,748,69,911
10,1,0,1066,1026,1030,832,1102,1026
10,2,16,1587,867,1546,741,1628,867
10,3,0,931,830,896,682,966,830
10,4,16,1465,787,1428,672,1502,787
10,5,0,34,911,0,747,69,911
11,1,0,1066,1026,1030,832,1102,1026
11,2,16,1587,867,1546,741,1628,867
11,3,0,932,831,896,684,968,831
11,4,16,1467,788,1428,672,1506,788
11,5,0,34,912,0,747,69,912
12,1,0,1065,1026,1030,832,1101,1026
12,2,16,1587,866,1546,741,1628,866
12,3,0,932,831,896,684,969,831
12,4,16,1468,788,1428,672,1508,788
12,5,0,34,912,0,748,69,912
13,1,0,1066,1026,1031,832,1101,1026
13,2,16,1587,866,1546,741,1628,866
13,3,0,931,829,896,683,967,829
13,4,16,1468,788,1428,672,1508,788
13,5,0,34,913,0,748,69,913
14,1,0,1066,1026,1031,832,1101,1026
14,2,16,1587,866,1546,741,1628,866
14,3,0,931,829,896,684,967,829
14,4,16,1461,785,1427,671,1495,785
14,5,0,33,911,0,748,67,911
15,1,0,1066,1026,1031,833,1101,1026
15,2,16,1587,866,1546,741,1628,866
15,3,0,931,829,896,684,967,829
15,4,16,1458,784,1427,671,1490,784
15,5,0,33,909,0,749,66,909
16,1,0,1065,1027,1031,833,1099,1027
16,2,16,1587,867,1546,741,1628,867
16,3,0,931,829,896,685,966,829
16,4,16,1464,787,1427,672,1502,787
16,5,0,33,909,0,749,66,909
17,1,0,1064,1027,1031,833,1098,1027
17,2,16,1587,867,1546,741,1628,867
17,3,0,931,829,896,684,966,829
17,4,16,1464,787,1428,671,1500,787
17,5,0,33,909,0,748,66,909
18,1,0,1063,1026,1030,833,1097,1026
18,2,16,1587,867,1546,741,1628,867
18,3,0,931,829,896,684,966,829
18,4,16,1460,784,1428,671,1492,784
18,5,0,32,908,0,748,65,908
19,1,0,1063,1026,1030,833,1097,1026
19,2,16,1587,867,1546,741,1628,867
19,3,0,931,829,896,684,966,829
19,4,16,1458,784,1427,671,1489,784
19,5,0,33,907,0,748,67,907
20,1,0,1062,1027,1028,833,1096,1027
20,2,16,1587,867,1546,741,1628,867
20,3,0,931,829,896,683,966,829
20,4,16,1457,783,1427,671,1488,783
20,5,0,33,905,0,748,67,905
21,1,0,1061,1027,1027,833,1095,1027
21,2,16,1587,868,1546,741,1628,868
21,3,0,931,829,896,683,966,829
21,4,16,1457,783,1427,671,1487,783
21,5,0,33,904,0,747,67,904
22,1,0,1060,1027,1026,833,1094,1027
22,2,16,1587,868,1546,741,1628,868
22,3,0,931,829,896,684,966,829
22,4,16,1464,786,1428,671,1501,786
22,5,0,34,903,0,747,69,903
23,1,0,1058,1027,1024,833,1093,1027
23,2,16,1587,868,1546,741,1628,868
23,3,0,931,829,896,683,966,829
23,4,16,1467,788,1428,672,1506,788
23,5,0,35,903,0,754,70,903
24,1,0,1058,1027,1024,832,1092,1027
24,2,16,1587,868,1546,741,1628,868
24,3,0,931,829,896,682,966,829
24,4,16,1461,785,1428,671,1495,785
24,5,0,34,903,0,752,69,903
25,1,0,1057,1027,1023,833,1092,1027
25,2,16,1587,867,1546,741,1628,867
25,3,0,931,829,896,683,966,829
25,4,16,1459,784,1428,671,1490,784
25,5,0,33,904,0,745,66,904
25,6,0,24,902,0,761,48,902
26,1,0,1057,1027,1022,834,1092,1027
26,2,16,1587,867,1546,741,1628,867
26,3,0,931,829,896,683,966,829
26,4,16,1458,784,1428,671,1488,784
26,5,0,32,903,0,746,64,903
26,6,0,23,901,0,760,47,901
27,1,0,1056,1027,1020,835,1092,1027
27,2,16,1587,867,1546,741,1628,867
27,3,0,931,829,896,683,966,829
27,4,16,1458,784,1428,671,1488,784
27,5,0,33,902,0,746,67,902
27,6,0,25,901,0,761,50,901
28,1,0,1056,1027,1019,835,1093,1027
28,2,16,1587,868,1546,741,1628,868
28,3,0,931,829,896,681,967,829
28,4,16,1457,784,1428,671,1487,784
28,5,0,34,903,0,748,69,903
29,1,0,1054,1027,1017,835,1091,1027
29,2,16,1586,868,1545,741,1627,868
29,3,0,931,830,896,682,967,830
29,4,16,1464,787,1428,671,1501,787
29,5,0,37,905,0,750,74,905
30,1,0,1053,1027,1016,835,1091,1027
30,2,16,1586,868,1545,740,1627,868
30,3,0,932,830,896,682,968,830
30,4,16,1460,785,1428,671,1493,785
30,5,0,38,906,0,754,76,906
31,1,0,1052,1027,1014,834,1091,1027
31,2,16,1586,868,1545,739,1627,868
31,3,0,932,830,896,682,968,830
31,4,16,1465,787,1428,671,1503,787
31,5,0,39,906,0,758,78,906
32,1,0,1051,1027,1013,835,1089,1027
32,2,16,1586,868,1545,739,1627,868
32,3,0,932,830,896,682,968,830
32,4,16,1467,788,1428,672,1507,788
32,5,0,40,906,0,762,81,906
32,10,0,1586,868,1545,739,1628,868
33,1,0,1050,1027,1012,835,1089,1027
33,2,16,1585,869,1545,738,1626,869
33,3,0,932,830,896,681,968,830
33,4,16,1468,788,1428,672,1508,788
33,5,0,41,908,0,763,82,908
33,10,0,1586,868,1545,738,1627,868
34,1,0,1049,1027,1010,835,1089,1027
34,2,0,1585,868,1545,737,1626,868
34,3,0,932,830,896,681,968,830
34,4,16,1468,788,1428,672,1508,788
34,5,0,42,909,1,761,83,909
35,1,0,1050,1027,1009,835,1091,1027
35,2,0,1585,868,1545,735,1625,868
35,3,0,932,831,896,680,968,831
35,4,0,1466,787,1429,671,1504,787
35,5,0,42,908,3,756,82,908
36,1,0,1050,1027,1008,835,1092,1027
36,2,0,1584,868,1544,734,1625,868
36,3,0,932,831,896,679,969,831
36,4,0,1465,787,1429,671,1502,787
36,5,0,49,915,5,746,93,915
37,1,0,1050,1027,1008,835,1092,1027
37,2,0,1583,869,1543,733,1623,869
37,3,0,932,831,896,678,969,831
37,4,0,1465,787,1429,671,1501,787
37,5,0,54,920,6,743,102,920
38,1,0,1050,1027,1007,835,1093,1027
38,2,0,1582,868,1543,731,1622,868
38,3,0,933,831,896,678,970,831
38,4,0,1464,786,1429,671,1500,786
38,5,0,48,915,4,738,92,915
39,1,0,1049,1027,1005,835,1093,1027
39,2,0,1585,869,1543,730,1628,869
39,3,0,933,832,896,677,970,832
39,4,0,1464,786,1429,671,1500,786
39,5,0,44,911,2,731,87,911
40,1,0,1048,1027,1004,835,1093,1027
40,2,0,1582,869,1542,727,1623,869
40,3,0,932,831,896,677,969,831
40,4,0,1464,786,1429,671,1499,786
40,5,0,45,910,2,720,89,910
41,1,0,1048,1027,1003,835,1093,1027
41,2,0,1579,868,1542,725,1617,868
41,3,0,932,831,895,677,970,831
41,4,0,1460,786,1429,671,1491,786
41,5,0,47,911,2,728,93,911
42,1,0,1047,1027,1003,835,1092,1027
42,2,0,1579,867,1542,724,1616,867
42,3,0,932,831,895,678,970,831
42,4,0,1462,786,1429,671,1496,786
42,5,0,54,917,7,728,101,917
43,1,0,1047,1027,1002,835,1092,1027
43,2,0,1579,868,1542,720,1616,868
43,3,0,932,831,895,677,970,831
43,4,0,1464,787,1429,671,1500,787
43,5,0,56,920,6,730,106,920
44,1,0,1047,1027,1002,835,1092,1027
44,2,0,1579,869,1541,717,1617,869
44,3,0,932,831,896,678,969,831
44,4,0,1460,786,1429,671,1491,786
44,5,0,51,918,3,722,99,918
45,1,0,1047,1026,1002,835,1093,1026
45,2,0,1575,869,1540,716,1611,869
45,3,0,932,831,896,678,968,831
45,4,0,1463,786,1429,671,1497,786
45,5,0,56,914,2,718,110,914
46,1,0,1048,1026,1003,835,1094,1026
46,2,0,1574,871,1540,716,1609,871
46,3,0,932,830,896,678,969,830
46,4,0,1464,786,1429,671,1499,786
46,5,0,67,901,21,719,113,901
47,1,0,1051,1027,1005,835,1097,1027
47,2,0,1573,870,1540,717,1606,870
47,3,0,932,831,895,677,969,831
47,4,0,1460,786,1429,671,1491,786
47,5,0,73,896,33,723,114,896
48,1,0,1052,1027,1006,834,1099,1027
48,2,0,1572,869,1540,720,1604,869
48,3,0,932,831,895,678,969,831
48,4,0,1458,785,1429,671,1487,785
48,5,0,76,886,40,726,112,886
49,1,0,1053,1027,1006,834,1101,1027
49,2,0,1570,867,1539,723,1602,867
49,3,0,932,831,895,678,969,831
49,4,0,1460,785,1429,671,1491,785
49,5,0,75,882,44,723,106,882
50,1,0,1054,1026,1008,834,1101,1026
50,2,0,1568,868,1536,727,1601,868
50,3,0,932,831,895,678,969,831
50,4,0,1461,786,1429,670,1493,786
50,5,0,73,882,47,719,99,882
51,1,0,1056,1026,1010,834,1103,1026
51,2,0,1566,866,1534,730,1599,866
51,3,0,932,831,895,678,970,831
51,4,0,1458,785,1429,670,1488,785
51,5,0,74,885,50,720,98,885
52,1,0,1058,1026,1012,834,1104,1026
52,2,0,1564,868,1531,734,1597,868
52,3,0,932,831,895,678,970,831
52,4,0,1457,786,1429,670,1486,786
52,5,0,78,890,52,716,105,890
53,1,0,1060,1026,1014,833,1107,1026
53,2,0,1563,869,1530,737,1597,869
53,3,0,932,831,895,679,969,831
53,4,0,1457,785,1429,670,1485,785
53,5,0,90,902,52,717,129,902
54,1,0,1061,1026,1014,833,1109,1026
54,2,0,1563,872,1529,740,1597,872
54,3,0,932,831,895,678,969,831
54,4,0,1457,786,1430,671,1485,786
54,5,0,92,910,53,719,132,910
54,16,0,1469,788,1430,671,1508,788
55,1,0,1062,1026,1015,833,1110,1026
55,2,0,1561,874,1526,742,1597,874
55,3,0,932,831,895,678,969,831
55,4,0,1457,788,1430,671,1484,788
55,5,0,94,908,56,722,133,908
55,16,0,1469,788,1430,671,1509,788
56,1,0,1063,1025,1015,834,1111,1025
56,2,0,1560,875,1524,743,1597,875
56,3,0,932,831,895,679,969,831
56,4,0,1456,789,1429,671,1484,789
56,5,0,96,907,59,725,133,907
56,16,0,1469,789,1429,672,1509,789
57,1,0,1063,1025,1015,834,1112,1025
57,2,0,1559,875,1523,743,1596,875
57,3,0,932,831,895,680,969,831
57,4,0,1457,789,1429,672,1485,789
57,5,0,90,908,59,728,122,908
57,16,0,1470,789,1430,672,1510,789
58,1,0,1064,1025,1015,834,1113,1025
58,2,0,1559,874,1522,742,1596,874
58,3,0,932,830,895,680,969,830
58,4,0,1458,789,1430,672,1487,789
58,5,0,92,912,62,739,122,912
59,1,0,1064,1025,1015,833,1113,1025
59,2,0,1557,874,1520,741,1594,874
59,3,0,932,830,895,680,969,830
59,4,0,1460,788,1430,673,1490,788
59,5,0,95,910,64,744,126,910
60,1,0,1063,1025,1015,832,1111,1025
60,2,0,1556,873,1520,740,1592,873
60,3,0,932,830,895,680,969,830
60,4,0,1458,786,1430,674,1487,786
60,5,0,100,909,69,745,131,909
60,16,0,1469,790,1431,675,1508,790
61,1,0,1063,1025,1016,832,1110,1025
61,2,0,1554,873,1519,737,1590,873
61,3,0,932,830,895,679,969,830
61,5,0,106,908,75,745,138,908
61,16,0,1469,789,1432,676,1507,789
62,1,0,1062,1025,1016,831,1108,1025
62,2,0,1553,872,1516,734,1590,872
62,3,0,932,830,895,679,969,830
62,5,0,113,908,79,744,147,908
62,16,0,1471,788,1434,676,1508,788
63,1,0,1062,1025,1017,831,1108,1025
63,2,0,1553,871,1513,731,1594,871
63,3,0,932,830,895,679,969,830
63,5,0,118,907,81,743,156,907
63,16,0,1471,788,1436,676,1507,788
64,1,0,1062,1025,1018,831,1107,1025
64,2,0,1548,868,1509,728,1588,868
64,3,0,932,830,895,679,969,830
64,5,0,124,903,86,740,163,903
64,16,0,1472,788,1437,677,1507,788
65,1,0,1063,1026,1019,831,1107,1026
65,2,0,1544,868,1503,726,1585,868
65,3,0,932,830,895,680,969,830
65,5,0,129,903,87,739,172,903
65,16,0,1469,786,1438,678,1500,786
66,1,0,1062,1026,1019,831,1106,1026
66,2,0,1545,869,1502,724,1588,869
66,3,0,932,830,895,680,969,830
66,5,0,133,902,91,737,176,902
66,16,0,1468,786,1439,678,1498,786
67,1,0,1063,1026,1020,831,1106,1026
67,2,0,1549,869,1506,722,1593,869
67,3,0,932,830,895,680,969,830
67,5,0,139,903,98,737,180,903
67,16,0,1468,788,1440,680,1497,788
68,1,0,1063,1026,1021,832,1106,1026
68,2,0,1543,871,1503,721,1584,871
68,3,0,932,830,895,680,969,830
68,5,0,144,904,105,736,184,904
68,16,0,1468,789,1439,682,1497,789
69,1,0,1064,1026,1022,832,1106,1026
69,2,0,1541,871,1500,720,1582,871
69,3,0,931,831,895,680,968,831
69,5,0,148,900,111,736,185,900
69,16,0,1467,790,1438,683,1497,790
70,1,0,1065,1026,1023,831,1107,1026
70,2,0,1541,871,1497,722,1586,871
70,3,0,931,830,895,680,968,830
70,5,0,152,899,118,736,187,899
70,16,0,1467,790,1438,684,1496,790
71,1,0,1065,1026,1023,832,1107,1026
71,2,0,1542,871,1492,724,1592,871
71,3,0,931,830,895,680,967,830
71,5,0,163,896,132,735,194,896
71,16,0,1466,791,1437,685,1496,791
72,1,0,1065,1026,1023,832,1108,1026
72,2,0,1531,866,1489,725,1573,866
72,3,0,931,830,895,679,967,830
72,5,0,174,893,148,735,200,893
72,16,0,1467,792,1438,685,1497,792
73,1,0,1066,1026,1024,832,1108,1026
73,2,0,1525,864,1487,728,1564,864
73,3,0,931,830,895,679,967,830
73,5,0,182,892,155,734,209,892
73,16,0,1467,792,1438,683,1497,792
73,21,0,1538,867,1486,729,1591,867
74,1,0,1066,1026,1024,832,1109,1026
74,3,0,931,830,895,679,968,830
74,5,0,187,893,159,730,216,893
74,16,0,1466,793,1438,681,1494,793
74,21,0,1535,865,1481,731,1590,865
75,1,0,1066,1026,1024,831,1109,1026
75,3,0,931,830,895,679,968,830
75,5,0,192,893,161,728,223,893
75,16,0,1464,792,1436,677,1492,792
75,21,0,1532,864,1476,734,1588,864
76,1,0,1067,1026,1024,831,1110,1026
76,3,0,931,830,895,679,968,830
76,5,0,199,894,164,726,235,894
76,21,0,1528,863,1473,736,1584,863
76,4,0,1460,794,1429,674,1491,794
77,1,0,1067,1026,1024,831,1110,1026
77,3,0,931,830,895,679,968,830
77,5,0,205,896,165,724,246,896
77,21,0,1518,860,1470,740,1567,860
77,4,0,1457,792,1423,673,1491,792
78,1,0,1067,1026,1024,831,1111,1026
78,3,0,931,830,895,679,968,830
78,5,0,209,895,167,722,251,895
78,21,0,1513,858,1466,740,1560,858
78,4,0,1452,792,1416,673,1488,792
79,1,0,1067,1026,1024,831,1110,1026
79,3,0,932,830,896,678,968,830
79,5,0,212,894,170,723,254,894
79,21,0,1513,858,1460,740,1567,858
79,4,0,1447,792,1409,673,1485,792
80,1,0,1066,1026,1023,832,1110,1026
80,3,0,932,830,896,678,968,830
80,5,0,217,894,174,725,260,894
80,21,0,1510,858,1454,742,1567,858
80,4,0,1443,793,1405,673,1481,793
81,1,0,1067,1026,1023,832,1111,1026
81,3,0,932,830,896,678,968,830
81,5,0,221,890,180,726,262,890
81,21,0,1505,856,1450,742,1561,856
81,4,0,1436,788,1397,673,1476,788
82,1,0,1065,1026,1021,833,1110,1026
82,3,0,932,831,896,677,968,831
82,5,0,231,889,196,725,267,889
82,21,0,1500,856,1445,742,1556,856
82,4,0,1431,786,1390,671,1473,786
83,1,0,1064,1026,1019,833,1109,1026
83,3,0,931,830,896,677,967,830
83,5,0,241,885,210,726,273,885
83,21,0,1499,857,1445,741,1553,857
83,4,0,1430,789,1388,668,1472,789
84,1,0,1062,1027,1018,833,1107,1027
84,3,0,931,830,896,677,967,830
84,5,0,250,884,221,726,280,884
84,21,0,1495,857,1438,741,1552,857
84,4,0,1426,791,1387,667,1466,791
85,1,0,1061,1027,1016,833,1106,1027
85,3,0,932,830,897,677,967,830
85,5,0,258,884,226,726,290,884
85,21,0,1494,859,1438,739,1551,859
85,4,0,1425,792,1383,665,1467,792
86,1,0,1060,1026,1015,833,1106,1026
86,3,0,933,830,898,676,968,830
86,5,0,262,884,228,724,297,884
86,21,0,1495,861,1440,735,1550,861
86,4,0,1424,792,1382,665,1466,792
87,1,0,1059,1027,1014,834,1105,1027
87,3,0,933,830,899,676,967,830
87,5,0,267,884,228,721,307,884
87,21,0,1494,862,1440,732,1549,862
87,4,0,1421,795,1380,665,1462,795
88,1,0,1058,1027,1011,834,1105,1027
88,3,0,933,831,899,675,968,831
88,5,0,275,885,231,720,320,885
88,21,0,1490,861,1432,727,1548,861
88,4,0,1415,796,1375,661,1455,796
89,1,0,1053,1027,1008,836,1099,1027
89,3,0,934,831,899,676,969,831
89,5,0,284,887,234,719,335,887
89,21,0,1490,860,1434,722,1547,860
89,4,0,1410,793,1373,663,1448,793
90,1,0,1049,1027,1007,836,1092,1027
90,3,0,935,831,900,679,970,831
90,5,0,285,883,238,720,333,883
90,21,0,1494,859,1443,717,1546,859
90,4,0,1408,797,1372,665,1444,797
91,1,0,1045,1027,1003,836,1087,1027
91,3,0,934,831,900,681,969,831
91,5,0,294,881,243,720,346,881
91,21,0,1499,859,1452,713,1546,859
91,4,0,1407,796,1375,667,1440,796
92,1,0,1042,1027,1000,837,1084,1027
92,3,0,934,832,901,681,968,832
92,5,0,307,880,250,721,365,880
92,21,0,1503,858,1460,709,1546,858
92,4,0,1406,799,1375,668,1438,799
93,1,0,1040,1026,998,837,1082,1026
93,3,0,936,832,903,682,969,832
93,5,0,317,876,264,720,371,876
93,21,0,1506,856,1466,707,1546,856
93,4,0,1400,799,1368,669,1432,799
94,1,0,1037,1026,996,838,1079,1026
94,3,0,937,833,905,682,970,833
94,5,0,326,875,278,719,374,875
94,21,0,1507,856,1470,706,1545,856
94,4,0,1398,804,1356,670,1441,804
95,1,0,1035,1026,994,839,1076,1026
95,3,0,935,831,906,683,965,831
95,5,0,332,871,290,716,374,871
95,21,0,1511,853,1478,705,1544,853
95,4,0,1395,808,1346,669,1445,808
96,1,0,1032,1027,992,839,1073,1027
96,3,0,935,831,907,683,964,831
96,5,0,336,871,298,713,374,871
96,21,0,1518,854,1484,705,1553,854
96,4,0,1388,808,1338,669,1439,808
97,1,0,1031,1027,991,839,1071,1027
97,3,0,938,830,908,682,969,830
97,5,0,338,871,302,707,374,871
97,21,0,1527,858,1487,706,1568,858
97,4,0,1380,808,1333,669,1427,808
98,1,0,1030,1027,990,840,1070,1027
98,3,0,941,830,910,680,972,830
98,5,0,340,870,307,703,373,870
98,21,0,1533,861,1488,706,1579,861
98,4,0,1374,807,1332,669,1416,807
98,24,0,1518,860,1486,706,1551,860
99,1,0,1028,1028,989,841,1067,1028
99,3,0,944,831,910,675,978,831
99,5,0,347,871,311,700,384,871
99,21,0,1538,862,1490,707,1586,862
99,4,0,1371,806,1329,672,1414,806
99,24,0,1521,858,1487,705,1555,858
100,1,0,1026,1027,987,842,1065,1027
100,3,0,944,830,911,671,977,830
100,5,0,356,871,315,699,397,871
100,21,0,1540,862,1492,707,1588,862
100,4,0,1361,807,1325,674,1398,807
100,24,0,1525,857,1491,706,1560,857
101,1,0,1024,1027,985,842,1064,1027
101,3,0,942,834,912,669,973,834
101,5,0,361,872,317,697,405,872
101,4,0,1356,809,1319,675,1393,809
101,24,0,1526,857,1490,707,1563,857
102,1,0,1023,1027,983,842,1064,1027
102,3,0,939,835,911,672,968,835
102,5,0,367,870,319,697,415,870
102,4,0,1346,808,1311,678,1381,808
102,24,0,1528,859,1493,708,1563,859
103,1,0,1023,1027,983,843,1063,1027
103,3,0,936,838,908,674,965,838
103,5,0,371,869,322,698,420,869
103,4,0,1341,812,1307,680,1375,812
103,24,0,1525,857,1494,708,1557,857
104,1,0,1022,1028,981,843,1063,1028
104,3,0,936,839,906,678,966,839
104,5,0,374,870,325,700,424,870
104,4,0,1337,812,1303,682,1372,812
104,24,0,1525,855,1496,708,1554,855
105,1,0,1020,1027,978,844,1062,1027
105,3,0,936,841,906,682,967,841
105,5,0,378,872,325,702,431,872
105,4,0,1336,814,1302,682,1371,814
105,24,0,1525,855,1497,709,1554,855
106,1,0,1018,1027,976,844,1061,1027
106,3,0,939,844,910,684,968,844
106,5,0,383,869,339,703,427,869
106,4,0,1337,816,1303,683,1371,816
106,24,0,1525,855,1497,709,1553,855
107,1,0,1016,1027,974,845,1059,1027
107,3,0,942,851,916,688,969,851
107,5,0,391,866,350,704,433,866
107,4,0,1338,829,1305,681,1371,829
107,24,0,1524,856,1496,710,1552,856
108,1,0,1015,1026,972,846,1058,1026
108,3,0,943,853,918,690,968,853
108,5,0,389,864,352,702,427,864
108,4,0,1337,830,1303,680,1372,830
108,24,0,1523,858,1496,711,1551,858
109,1,0,1014,1025,971,847,1058,1025
109,3,0,943,857,919,693,967,857
109,5,0,388,862,353,702,424,862
109,4,0,1337,835,1302,680,1373,835
109,24,0,1521,859,1494,713,1549,859
110,1,0,1013,1025,970,847,1056,1025
110,3,0,943,859,919,695,967,859
110,5,0,389,861,355,700,423,861
110,4,0,1334,836,1298,680,1371,836
110,24,0,1520,858,1491,715,1549,858
111,1,0,1011,1025,970,848,1053,1025
111,3,0,943,860,919,695,968,860
111,5,0,388,862,355,697,422,862
111,4,0,1333,838,1295,681,1371,838
111,24,0,1518,860,1489,716,1547,860
112,1,0,1010,1026,968,848,1052,1026
112,3,0,943,860,919,696,968,860
112,5,0,388,858,357,693,420,858
112,4,0,1333,840,1294,681,1372,840
112,24,0,1517,862,1486,716,1548,862
113,1,0,1008,1027,967,848,1050,1027
113,3,0,943,860,919,696,967,860
113,5,0,394,850,368,690,420,850
113,4,0,1331,838,1292,684,1371,838
113,24,0,1516,865,1482,717,1550,865
114,1,0,1007,1026,966,848,1048,1026
114,3,0,942,861,918,696,967,861
114,5,0,400,848,378,689,422,848
114,4,0,1330,838,1292,686,1368,838
114,24,0,1518,869,1478,716,1559,869
115,1,0,1004,1027,965,848,1044,1027
115,3,0,942,861,918,696,967,861
115,5,0,403,850,381,687,425,850
115,4,0,1326,837,1289,688,1363,837
115,24,0,1518,874,1472,716,1564,874
116,1,0,1003,1027,964,848,1042,1027
116,3,0,942,861,917,695,968,861
116,5,0,404,851,382,687,427,851
116,4,0,1323,838,1287,690,1360,838
116,24,0,1516,879,1469,715,1564,879
117,1,0,1002,1028,963,848,1041,1028
117,3,0,941,861,915,695,968,861
117,5,0,417,858,381,687,454,858
117,4,0,1321,838,1284,691,1358,838
117,24,0,1514,881,1466,715,1563,881
118,1,0,1000,1028,961,848,1040,1028
118,3,0,941,864,914,695,968,864
118,5,0,422,858,383,689,461,858
118,4,0,1318,841,1281,693,1356,841
118,24,0,1512,880,1465,715,1560,880
119,1,0,999,1028,960,848,1039,1028
119,3,0,940,866,912,695,968,866
119,5,0,417,855,384,691,450,855
119,4,0,1316,842,1279,693,1354,842
119,24,0,1510,881,1463,716,1558,881
120,1,0,998,1028,959,848,1038,1028
120,3,0,939,870,911,697,968,870
120,5,0,422,856,385,693,459,856
120,4,0,1313,845,1274,694,1352,845
120,24,0,1511,884,1464,718,1559,884
121,1,0,997,1028,957,848,1037,1028
121,3,0,939,875,910,698,968,875
121,5,0,426,859,386,694,467,859
121,4,0,1310,845,1271,696,1349,845
121,24,0,1509,886,1463,719,1556,886
122,1,0,994,1028,954,848,1035,1028
122,3,0,938,877,909,701,968,877
122,5,0,427,861,386,695,468,861
122,4,0,1307,847,1269,699,1346,847
122,24,0,1500,883,1460,721,1541,883
123,1,0,993,1028,952,848,1034,1028
123,3,0,938,879,909,705,968,879
123,5,0,429,860,387,696,471,860
123,4,0,1305,847,1266,700,1344,847
123,24,0,1496,881,1453,721,1540,881
124,1,0,991,1028,950,848,1033,1028
124,3,0,938,882,908,709,968,882
124,5,0,422,853,388,696,457,853
124,4,0,1304,848,1266,699,1343,848
124,24,0,1492,884,1446,722,1539,884
125,1,0,990,1028,948,848,1032,1028
125,3,0,937,884,907,712,968,884
125,5,0,418,851,387,695,449,851
125,4,0,1303,848,1265,697,1342,848
125,24,0,1488,886,1439,722,1537,886
126,1,0,989,1028,946,848,1032,1028
126,3,0,938,886,907,715,969,886
126,5,0,417,852,387,695,447,852
126,4,0,1302,849,1265,696,1339,849
126,24,0,1483,890,1432,721,1535,890
127,1,0,986,1028,943,850,1030,1028
127,3,0,937,886,906,717,969,886
127,5,0,416,852,387,695,446,852
127,4,0,1301,848,1265,693,1337,848
127,24,0,1476,888,1426,722,1526,888
128,1,0,984,1027,942,851,1027,1027
128,3,0,938,886,907,719,970,886
128,5,0,416,850,387,695,446,850
128,4,0,1300,848,1264,675,1336,848
128,24,0,1472,892,1421,721,1524,892
129,1,0,981,1027,939,851,1024,1027
129,3,0,938,884,906,721,971,884
129,5,0,417,848,390,696,444,848
129,4,0,1299,848,1262,683,1337,848
129,24,0,1467,892,1419,720,1516,892
130,1,0,979,1027,936,851,1022,1027
130,3,0,938,886,906,723,971,886
130,5,0,416,847,391,696,442,847
130,4,0,1300,848,1261,690,1339,848
130,24,0,1464,892,1414,725,1514,892
131,1,0,975,1027,932,852,1019,1027
131,3,0,939,887,906,723,972,887
131,5,0,416,846,392,696,441,846
131,4,0,1300,847,1261,689,1339,847
131,24,0,1458,892,1408,729,1508,892
132,1,0,973,1028,929,853,1017,1028
132,3,0,938,887,906,723,971,887
132,5,0,416,845,393,696,440,845
132,4,0,1300,847,1262,676,1339,847
132,24,0,1443,889,1403,730,1484,889
133,1,0,969,1028,925,852,1013,1028
133,3,0,937,888,906,723,969,888
133,5,0,417,845,393,696,441,845
133,4,0,1301,846,1263,651,1340,846
133,24,0,1442,894,1394,733,1490,894
134,1,0,965,1027,921,853,1009,1027
134,3,0,936,884,907,722,966,884
134,5,0,417,845,393,696,442,845
134,4,0,1303,846,1266,639,1341,846
134,24,0,1431,894,1381,734,1481,894
135,1,0,959,1027,916,852,1003,1027
135,3,0,936,884,907,722,965,884
135,5,0,418,845,393,695,443,845
135,4,0,1304,846,1266,640,1342,846
135,24,0,1424,895,1373,730,1475,895
136,1,0,955,1028,912,852,999,1028
136,3,0,935,881,906,723,964,881
136,5,0,419,846,393,696,445,846
136,4,0,1304,846,1266,642,1343,846
136,24,0,1419,898,1366,728,1472,898
136,32,38,1295,710,1268,646,1323,710
137,1,0,953,1028,910,853,997,1028
137,3,0,935,881,905,725,965,881
137,5,0,419,846,394,696,445,846
137,4,0,1305,847,1266,643,1345,847
137,24,0,1409,897,1356,726,1463,897
137,32,38,1295,709,1267,647,1324,709
138,1,0,951,1028,907,852,996,1028
138,3,0,934,882,903,728,966,882
138,5,0,421,847,394,697,449,847
138,4,0,1305,846,1266,645,1345,846
138,24,0,1398,895,1344,724,1453,895
138,32,38,1295,703,1267,646,1324,703
139,1,0,949,1028,904,853,995,1028
139,3,0,934,882,902,731,966,882
139,5,0,422,846,396,698,448,846
139,4,0,1304,844,1264,647,1344,844
139,24,0,1392,892,1340,723,1445,892
140,1,0,947,1029,901,854,994,1029
140,3,0,934,887,899,735,969,887
140,5,0,428,846,397,700,460,846
140,4,0,1302,843,1262,648,1342,843
140,24,0,1385,893,1331,723,1440,893
141,1,0,944,1028,896,852,993,1028
141,3,0,932,891,895,739,970,891
141,5,0,431,846,399,702,464,846
141,4,0,1299,842,1260,657,1339,842
141,24,0,1379,895,1326,721,1433,895
142,1,0,942,1027,892,852,992,1027
142,3,0,927,893,891,741,963,893
142,5,0,434,845,400,704,469,845
142,4,0,1295,840,1257,664,1334,840
143,1,0,940,1027,890,852,991,1027
143,3,0,918,894,884,745,953,894
143,5,0,436,845,402,705,471,845
143,4,0,1296,841,1255,668,1337,841
144,1,0,939,1028,889,852,990,1028
144,3,0,911,895,877,748,946,895
144,5,0,437,844,404,706,471,844
144,44,0,1318,889,1265,689,1371,889
145,1,0,939,1028,888,851,990,1028
145,3,0,904,896,866,750,942,896
145,5,0,438,843,406,706,470,843
145,44,0,1313,886,1255,686,1372,886
146,1,0,939,1027,890,851,989,1027
146,3,0,899,899,861,753,938,899
146,5,0,440,842,408,705,473,842
146,44,0,1309,887,1246,686,1372,887
147,1,0,940,1027,891,852,989,1027
147,3,0,894,901,856,754,933,901
147,5,0,444,842,407,705,481,842
147,44,0,1303,890,1244,686,1363,890
148,1,0,941,1027,893,851,989,1027
148,3,0,890,901,851,754,929,901
148,5,0,448,842,408,704,488,842
148,44,0,1297,893,1239,690,1356,893
149,1,0,942,1027,895,851,989,1027
149,3,0,885,901,843,756,928,901
149,5,0,453,842,410,702,497,842
149,44,0,1289,891,1233,715,1346,891
149,24,0,1322,848,1287,689,1357,848
149,4,0,1273,882,1234,720,1312,882
150,1,0,943,1027,898,851,989,1027
150,3,0,879,904,832,759,926,904
150,5,0,457,843,412,700,503,843
150,24,0,1318,845,1284,688,1353,845
150,4,0,1269,887,1229,722,1310,887
151,1,0,944,1027,900,851,989,1027
151,3,0,874,907,818,761,930,907
151,5,0,461,842,413,697,510,842
151,24,0,1324,850,1285,689,1364,850
151,4,0,1260,889,1221,723,1300,889
152,1,0,945,1027,902,850,989,1027
152,3,0,862,905,803,762,922,905
152,5,0,464,841,414,693,514,841
152,24,0,1327,852,1285,689,1369,852
152,4,0,1249,890,1214,722,1285,890
153,1,0,946,1027,903,850,990,1027
153,3,0,858,909,789,764,928,909
153,5,0,466,841,413,690,519,841
153,24,0,1324,851,1285,690,1364,851
153,4,0,1242,892,1206,720,1279,892
153,44,0,1261,894,1204,716,1318,894
154,1,0,947,1027,904,849,990,1027
154,3,0,845,910,776,764,914,910
154,5,0,468,835,418,685,519,835
154,24,0,1322,851,1284,690,1360,851
154,4,0,1233,892,1198,715,1269,892
154,44,0,1250,894,1197,712,1303,894
155,1,0,949,1027,906,850,992,1027
155,3,0,835,905,771,764,899,905
155,5,0,469,828,423,680,516,828
155,24,0,1321,849,1284,690,1359,849
155,4,0,1225,890,1186,714,1265,890
155,44,0,1249,899,1185,713,1314,899
156,1,0,950,1028,907,850,993,1028
156,3,0,830,902,771,763,890,902
156,5,0,467,824,430,676,505,824
156,24,0,1320,847,1283,689,1358,847
156,4,0,1218,880,1173,713,1263,880
157,1,0,950,1028,907,850,994,1028
157,3,0,821,906,763,763,879,906
157,5,0,467,821,435,673,500,821
157,24,0,1321,845,1282,688,1360,845
157,4,0,1212,877,1159,713,1265,877
158,1,0,951,1028,908,850,995,1028
158,3,0,812,904,755,759,869,904
158,5,0,470,818,442,671,498,818
158,24,0,1320,846,1280,688,1360,846
158,4,0,1205,866,1145,712,1266,866
159,1,0,951,1027,908,850,994,1027
159,3,0,805,904,746,754,865,904
159,5,0,477,817,446,670,509,817
159,24,0,1319,846,1280,687,1359,846
159,4,0,1197,872,1131,713,1263,872
160,1,0,951,1027,908,849,994,1027
160,3,0,799,904,736,752,863,904
160,5,0,486,818,449,671,523,818
160,24,0,1320,847,1279,687,1362,847
160,4,0,1191,873,1126,715,1256,873
161,1,0,951,1027,908,849,994,1027
161,3,0,790,902,727,749,854,902
161,5,0,482,810,452,673,513,810
161,24,0,1321,846,1278,687,1364,846
161,4,0,1182,867,1122,718,1242,867
162,1,0,951,1027,908,849,994,1027
162,3,0,786,903,714,748,858,903
162,5,0,484,809,456,674,512,809
162,24,0,1322,847,1276,687,1368,847
162,4,0,1171,866,1117,721,1226,866
162,44,0,1182,887,1120,721,1245,887
163,1,0,951,1027,908,849,994,1027
163,3,0,772,901,705,747,839,901
163,5,0,485,809,458,677,513,809
163,24,0,1321,847,1275,686,1367,847
163,4,0,1159,871,1110,722,1208,871
163,44,0,1174,882,1111,722,1238,882
164,1,0,951,1027,908,849,994,1027
164,3,0,757,903,695,748,820,903
164,5,0,489,808,460,681,519,808
164,24,0,1317,844,1273,685,1362,844
164,44,0,1169,885,1104,724,1234,885
164,48,0,504,820,459,682,550,820
165,1,0,951,1027,908,849,994,1027
165,3,0,737,896,684,748,790,896
165,5,0,492,806,461,685,524,806
165,24,0,1315,842,1271,684,1360,842
165,44,0,1163,887,1098,726,1228,887
165,48,0,503,818,462,685,544,818
166,1,0,950,1027,907,849,994,1027
166,3,0,720,898,671,750,769,898
166,5,0,497,806,464,689,530,806
166,24,0,1313,842,1270,683,1357,842
166,44,0,1153,883,1084,726,1222,883
166,48,0,508,816,466,688,550,816
166,4,0,1124,877,1083,727,1166,877
167,1,0,949,1027,906,849,993,1027
167,3,0,705,898,659,750,751,898
167,24,0,1303,833,1268,680,1338,833
167,44,0,1147,882,1077,724,1217,882
167,48,0,509,810,469,692,550,810
167,4,0,1117,877,1078,724,1157,877
168,1,0,949,1028,906,849,992,1028
168,3,0,693,897,648,751,738,897
168,24,0,1292,831,1258,677,1326,831
168,44,0,1137,881,1076,709,1198,881
168,48,0,512,810,472,695,553,810
168,4,0,1117,877,1081,710,1153,877
169,1,0,948,1028,905,850,991,1028
169,3,0,688,897,640,750,737,897
169,24,0,1283,827,1247,677,1319,827
169,48,0,517,811,476,697,559,811
169,4,0,1119,877,1088,697,1150,877
170,1,0,946,1027,903,850,990,1027
170,3,0,683,898,633,749,733,898
170,24,0,1275,827,1237,676,1313,827
170,48,0,520,810,478,697,562,810
170,4,0,1121,876,1094,684,1149,876
171,1,0,945,1027,903,849,988,1027
171,3,0,680,900,625,746,736,900
171,24,0,1270,826,1231,676,1310,826
171,48,0,519,807,477,693,561,807
171,4,0,1124,876,1098,672,1151,876
172,1,0,945,1027,902,848,988,1027
172,3,0,677,900,620,742,735,900
172,24,0,1266,827,1225,676,1308,827
172,48,0,521,805,477,690,565,805
172,4,0,1126,872,1100,658,1153,872
173,1,0,944,1027,901,848,987,1027
173,3,0,672,899,614,739,731,899
173,24,0,1263,827,1219,676,1307,827
173,48,0,523,803,477,687,569,803
173,4,0,1128,869,1099,651,1158,869
174,1,0,943,1028,900,848,986,1028
174,3,0,668,898,608,737,728,898
174,24,0,1260,828,1215,675,1305,828
174,48,0,525,804,478,684,573,804
174,4,0,1128,865,1093,647,1163,865
175,1,0,941,1028,898,848,985,1028
175,3,0,656,895,596,734,716,895
175,24,0,1258,828,1212,675,1305,828
175,48,0,528,805,480,680,577,805
175,4,0,1123,860,1081,654,1166,860
176,1,0,940,1028,898,848,983,1028
176,3,0,644,894,590,733,699,894
176,24,0,1258,826,1210,675,1306,826
176,48,0,530,804,480,677,581,804
176,4,0,1122,855,1072,661,1172,855
177,1,0,939,1028,896,847,982,1028
177,3,0,636,896,586,731,687,896
177,24,0,1257,825,1209,675,1305,825
177,48,0,536,802,483,671,589,802
177,4,0,1120,856,1065,660,1176,856
178,1,0,938,1028,896,847,981,1028
178,3,0,625,900,578,729,673,900
178,24,0,1257,824,1208,674,1306,824
178,48,0,543,801,493,668,593,801
178,4,0,1117,856,1058,656,1176,856
179,1,0,937,1028,895,846,980,1028
179,3,0,614,895,568,726,660,895
179,24,0,1255,821,1207,672,1303,821
179,48,0,557,794,513,667,601,794
179,4,0,1113,854,1059,647,1168,854
179,5,0,550,791,521,664,580,791
180,1,0,937,1028,895,846,980,1028
180,3,0,603,893,559,727,648,893
180,24,0,1254,821,1207,671,1302,821
180,48,0,565,794,524,666,606,794
180,4,0,1111,852,1061,629,1161,852
180,5,0,553,792,527,665,579,792
181,1,0,936,1028,893,846,979,1028
181,3,0,593,891,550,728,637,891
181,24,0,1254,823,1208,669,1300,823
181,48,0,573,793,532,666,614,793
181,4,0,1111,850,1064,657,1158,850
181,5,0,559,793,533,666,585,793
182,1,0,935,1028,892,845,979,1028
182,3,0,586,894,539,731,633,894
182,24,0,1253,823,1208,668,1299,823
182,48,0,579,785,539,667,620,785
182,4,0,1113,851,1066,665,1160,851
183,1,0,933,1028,890,845,977,1028
183,3,0,582,894,529,731,635,894
183,24,0,1256,824,1209,667,1303,824
183,48,0,583,784,544,668,622,784
183,4,0,1111,855,1064,675,1158,855
184,1,0,932,1028,889,845,975,1028
184,3,0,559,891,519,737,600,891
184,24,0,1256,824,1210,666,1302,824
184,48,0,588,783,551,670,626,783
184,4,0,1111,857,1066,665,1157,857
185,1,0,931,1028,888,845,974,1028
185,3,0,544,890,510,745,579,890
185,24,0,1249,820,1211,665,1287,820
185,48,0,593,792,556,672,630,792
185,4,0,1114,863,1068,678,1161,863
186,1,0,930,1028,887,844,974,1028
186,3,0,535,892,500,746,571,892
186,24,0,1248,817,1215,664,1282,817
186,48,0,599,796,561,674,637,796
186,4,0,1116,869,1067,688,1165,869
187,1,0,930,1028,887,844,973,1028
187,3,0,528,895,492,749,564,895
187,24,0,1247,816,1218,663,1276,816
187,48,0,599,796,564,676,634,796
187,4,0,1117,872,1066,697,1168,872
188,1,0,928,1028,885,844,972,1028
188,3,0,520,896,482,752,558,896
188,24,0,1246,815,1220,662,1273,815
188,48,0,600,796,567,676,634,796
188,4,0,1117,875,1065,706,1170,875
189,1,0,927,1028,883,844,971,1028
189,3,0,512,894,475,754,549,894
189,24,0,1247,815,1222,660,1272,815
189,48,0,599,795,565,675,634,795
189,4,0,1123,874,1074,712,1173,874
190,1,0,926,1028,882,844,971,1028
190,3,0,506,894,471,755,542,894
190,24,0,1247,815,1223,660,1271,815
190,48,0,600,795,564,674,636,795
190,4,0,1127,875,1082,717,1172,875
191,1,0,926,1028,881,844,971,1028
191,3,0,500,890,467,754,534,890
191,24,0,1247,815,1223,659,1271,815
191,48,0,602,796,563,671,641,796
191,4,0,1128,876,1087,718,1170,876
192,1,0,925,1028,880,844,971,1028
192,3,0,495,885,465,752,526,885
192,24,0,1246,815,1223,659,1270,815
192,48,0,604,796,563,668,646,796
192,4,0,1124,876,1090,719,1158,876
193,1,0,925,1028,879,845,971,1028
193,3,0,490,882,461,747,519,882
193,24,0,1246,815,1224,659,1269,815
193,48,0,605,796,564,666,646,796
193,4,0,1119,876,1090,719,1149,876
194,1,0,925,1028,879,845,971,1028
194,3,0,484,882,457,744,512,882
194,24,0,1247,815,1225,659,1269,815
194,48,0,606,793,566,662,647,793
194,4,0,1118,876,1090,717,1147,876
195,1,0,924,1028,878,845,971,1028
195,3,0,485,883,454,740,516,883
195,24,0,1248,814,1226,659,1270,814
195,48,0,611,796,572,659,650,796
195,4,0,1122,876,1091,714,1153,876
196,1,0,924,1028,878,845,971,1028
196,3,0,480,885,449,736,512,885
196,24,0,1248,814,1226,658,1270,814
196,48,0,615,795,580,656,651,795
196,4,0,1124,875,1091,711,1157,875
197,1,0,924,1028,878,846,971,1028
197,3,0,483,893,444,728,522,893
197,24,0,1249,814,1227,657,1271,814
197,48,0,619,795,585,655,653,795
197,4,0,1125,876,1091,708,1160,876
198,1,0,924,1028,878,846,971,1028
198,3,0,475,894,438,727,512,894
198,24,0,1249,814,1227,657,1271,814
198,48,0,621,798,588,656,655,798
198,4,0,1126,876,1092,705,1161,876
199,1,0,924,1028,878,846,971,1028
199,3,0,481,913,433,726,530,913
199,24,0,1250,814,1228,657,1272,814
199,48,0,625,799,593,658,657,799
199,4,0,1127,875,1094,703,1161,875
200,1,0,924,1028,878,845,971,1028
200,3,0,466,906,426,722,507,906
200,24,0,1250,814,1228,657,1273,814
200,48,0,632,798,596,661,668,798
200,4,0,1127,874,1096,702,1158,874
201,1,0,924,1028,878,845,971,1028
201,3,0,451,902,415,713,488,902
201,24,0,1251,815,1228,657,1275,815
201,48,0,636,796,600,663,673,796
201,4,0,1126,876,1099,701,1154,876
202,1,0,924,1028,878,845,971,1028
202,3,0,440,896,402,703,479,896
202,24,0,1252,815,1228,656,1276,815
202,48,0,644,801,605,669,683,801
202,4,0,1125,874,1098,702,1152,874
203,1,0,924,1028,878,845,971,1028
203,3,0,436,898,392,698,481,898
203,24,0,1253,813,1228,656,1278,813
203,48,0,649,805,610,673,688,805
203,4,0,1124,879,1095,704,1154,879
204,1,0,924,1028,878,845,971,1028
204,3,0,432,899,385,695,479,899
204,24,0,1253,809,1228,655,1279,809
204,48,0,650,801,616,674,684,801
204,4,0,1123,879,1093,708,1154,879
205,1,0,924,1028,878,845,971,1028
205,3,0,427,900,377,697,477,900
205,24,0,1254,807,1227,655,1281,807
205,48,0,657,805,619,677,695,805
205,4,0,1123,881,1090,711,1156,881
206,1,0,924,1028,878,845,971,1028
206,3,0,421,898,367,707,476,898
206,24,0,1255,807,1227,655,1283,807
206,48,0,656,800,621,677,692,800
206,4,0,1131,884,1087,713,1176,884
207,1,0,924,1028,878,846,971,1028
207,3,0,425,909,362,722,489,909
207,24,0,1257,807,1228,656,1287,807
207,48,0,660,802,625,678,696,802
207,4,0,1123,882,1084,714,1163,882
208,1,0,924,1028,878,846,971,1028
208,3,0,419,906,359,738,479,906
208,24,0,1261,806,1232,655,1291,806
208,48,0,662,803,626,678,699,803
208,4,0,1120,878,1082,714,1159,878
209,1,0,924,1028,879,846,970,1028
209,3,0,412,898,359,748,465,898
209,24,0,1265,805,1237,655,1294,805
209,48,0,665,801,626,680,704,801
209,4,0,1118,877,1079,714,1158,877
210,1,0,924,1028,879,847,970,1028
210,3,0,412,896,368,752,456,896
210,24,0,1267,803,1239,654,1296,803
210,48,0,666,802,624,681,708,802
210,4,0,1116,880,1077,713,1156,880
211,1,0,925,1028,879,847,971,1028
211,3,0,413,895,375,753,452,895
211,24,0,1269,803,1240,654,1298,803
211,48,0,665,804,620,683,710,804
211,4,0,1115,882,1076,713,1155,882
212,1,0,925,1028,880,846,971,1028
212,3,0,416,896,381,750,451,896
212,24,0,1271,803,1240,655,1303,803
212,48,0,663,806,616,683,710,806
212,4,0,1113,880,1073,713,1153,880
213,1,0,926,1028,881,846,971,1028
213,3,0,419,895,386,746,453,895
213,24,0,1272,804,1239,656,1306,804
213,48,0,659,807,612,684,706,807
213,4,0,1110,880,1070,712,1150,880
214,1,0,926,1028,881,846,972,1028
214,3,0,421,894,388,742,455,894
214,24,0,1273,804,1239,657,1308,804
214,48,0,656,808,611,683,701,808
214,4,0,1106,880,1067,712,1145,880
215,1,0,928,1028,883,845,973,1028
215,3,0,422,893,388,738,456,893
215,24,0,1273,803,1238,658,1309,803
215,48,0,655,811,613,683,697,811
215,4,0,1103,880,1065,711,1141,880
216,1,0,929,1028,885,845,974,1028
216,3,0,422,894,387,734,457,894
216,24,0,1277,804,1244,658,1311,804
216,48,0,656,813,616,683,697,813
216,4,0,1100,881,1062,708,1138,881
217,1,0,930,1029,886,845,974,1029
217,3,0,425,895,388,730,462,895
217,24,0,1284,804,1254,658,1314,804
217,48,0,656,812,616,682,697,812
217,4,0,1098,881,1060,707,1136,881
218,1,0,931,1029,888,845,974,1029
218,3,0,429,898,391,727,468,898
218,24,0,1288,804,1260,658,1317,804
218,48,0,661,815,618,681,705,815
218,4,0,1090,880,1058,707,1123,880
219,1,0,932,1028,889,846,975,1028
219,3,0,435,901,394,726,476,901
219,24,0,1293,803,1267,658,1320,803
219,48,0,668,825,618,679,718,825
219,4,0,1082,880,1055,711,1110,880
220,1,0,933,1028,890,846,977,1028
220,3,0,441,904,398,725,485,904
220,24,0,1298,805,1272,659,1325,805
220,48,0,671,830,618,678,725,830
220,4,0,1076,882,1044,709,1109,882
221,1,0,936,1028,893,845,979,1028
221,3,0,446,905,403,725,490,905
221,24,0,1303,805,1279,658,1328,805
221,48,0,671,835,617,678,726,835
221,4,0,1068,882,1038,708,1099,882
222,1,0,937,1028,895,845,980,1028
222,3,0,452,904,410,725,494,904
222,24,0,1309,803,1287,657,1332,803
222,48,0,669,833,617,679,722,833
222,4,0,1063,882,1030,710,1096,882
223,1,0,939,1027,897,846,982,1027
223,3,0,458,903,418,725,499,903
223,24,0,1315,802,1292,654,1338,802
223,48,0,668,834,616,679,720,834
223,4,0,1063,882,1032,709,1095,882
224,1,0,943,1027,900,846,986,1027
224,3,0,464,906,424,725,504,906
224,24,0,1320,803,1293,654,1347,803
224,48,0,662,830,614,681,710,830
224,4,0,1062,884,1030,708,1095,884
225,1,0,945,1027,902,847,988,1027
225,3,0,468,907,428,725,508,907
225,24,0,1324,803,1294,656,1355,803
225,48,0,659,832,609,682,710,832
225,4,0,1061,886,1027,707,1095,886
226,1,0,949,1027,906,849,992,1027
226,3,0,469,907,431,725,508,907
226,24,0,1328,803,1295,657,1361,803
226,48,0,657,835,606,685,708,835
226,4,0,1059,887,1025,707,1093,887
227,1,0,951,1027,909,850,993,1027
227,3,0,470,906,434,726,507,906
227,24,0,1330,804,1295,658,1366,804
227,48,0,653,831,603,686,703,831
227,4,0,1058,885,1024,709,1092,885
228,1,0,953,1028,912,850,995,1028
228,3,0,471,906,436,728,506,906
228,24,0,1335,805,1297,659,1373,805
228,48,0,650,835,599,687,702,835
228,4,0,1057,886,1022,712,1093,886
229,1,0,956,1028,915,851,997,1028
229,3,0,471,906,438,728,504,906
229,24,0,1338,806,1300,661,1376,806
229,48,0,648,840,594,686,702,840
229,4,0,1055,886,1019,710,1092,886
230,1,0,959,1028,918,851,1001,1028
230,3,0,470,907,439,728,501,907
230,24,0,1340,805,1304,662,1377,805
230,48,0,646,846,591,686,702,846
230,4,0,1047,886,1009,711,1086,886
231,1,0,964,1028,921,851,1007,1028
231,3,0,469,907,441,727,498,907
231,24,0,1344,806,1312,663,1377,806
231,48,0,645,845,590,688,700,845
231,4,0,1043,885,1004,710,1082,885
232,1,0,967,1028,923,852,1011,1028
232,3,0,469,907,444,726,494,907
232,24,0,1345,807,1313,663,1378,807
232,48,0,641,842,589,690,694,842
232,4,0,1039,884,1002,709,1077,884
233,1,0,969,1027,924,853,1015,1027
233,3,0,470,908,446,727,494,908
233,24,0,1350,806,1320,662,1380,806
233,48,0,638,844,587,691,689,844
233,4,0,1040,888,1005,708,1075,888
234,1,0,972,1027,927,854,1018,1027
234,3,0,473,908,448,727,498,908
234,24,0,1354,806,1327,661,1382,806
234,48,0,635,844,587,692,683,844
234,4,0,1038,893,1006,707,1070,893
235,1,0,974,1027,929,854,1020,1027
235,3,0,476,907,450,727,502,907
235,24,0,1358,807,1333,660,1384,807
235,48,0,632,847,587,693,678,847
235,4,0,1036,886,1008,707,1065,886
236,1,0,976,1027,930,854,1023,1027
236,3,0,479,908,452,727,507,908
236,24,0,1362,806,1339,659,1386,806
236,48,0,631,849,587,693,675,849
236,4,0,1034,883,1007,707,1061,883
237,1,0,978,1027,932,853,1024,1027
237,3,0,482,909,454,728,511,909
237,24,0,1366,803,1343,658,1389,803
237,48,0,630,852,587,694,673,852
237,4,0,1031,887,1004,707,1058,887
238,1,0,980,1027,935,852,1025,1027
238,3,0,485,910,455,729,515,910
238,24,0,1368,802,1345,657,1392,802
238,48,0,629,855,587,697,672,855
238,4,0,1030,892,1003,707,1058,892
239,1,0,981,1027,938,852,1025,1027
239,3,0,486,908,455,729,518,908
239,24,0,1371,800,1348,656,1394,800
239,48,0,631,859,590,702,672,859
239,4,0,1031,895,1005,708,1057,895
240,1,0,982,1027,940,852,1025,1027
240,3,0,488,907,456,729,521,907
240,24,0,1374,799,1350,655,1399,799
240,48,0,633,857,591,705,676,857
240,4,0,1030,896,1005,709,1056,896
241,1,0,983,1027,941,852,1025,1027
241,3,0,490,908,456,729,524,908
241,24,0,1377,799,1351,655,1403,799
241,48,0,635,859,593,708,678,859
241,4,0,1031,897,1006,710,1056,897
242,1,0,983,1027,942,852,1024,1027
242,3,0,492,909,458,730,527,909
242,24,0,1380,799,1352,656,1409,799
242,48,0,642,860,598,713,686,860
242,4,0,1031,897,1006,710,1056,897
243,1,0,984,1027,943,852,1025,1027
243,3,0,495,909,463,730,527,909
243,24,0,1383,799,1354,656,1412,799
243,48,0,647,867,602,716,692,867
243,4,0,1030,897,1005,711,1056,897
244,1,0,983,1027,944,851,1023,1027
244,3,0,497,909,467,729,527,909
244,24,0,1387,801,1355,655,1419,801
244,48,0,648,872,605,719,692,872
244,4,0,1031,897,1008,713,1055,897
245,1,0,983,1027,945,851,1022,1027
245,3,0,500,908,472,729,528,908
245,24,0,1391,802,1355,656,1427,802
245,48,0,649,877,609,721,689,877
245,4,0,1031,897,1008,713,1054,897
246,1,0,983,1027,946,851,1020,1027
246,3,0,506,906,479,728,533,906
246,24,0,1398,803,1357,657,1439,803
246,48,0,647,884,611,724,684,884
246,4,0,1029,898,1005,712,1054,898
246,66,0,13,650,0,508,26,650
247,1,0,984,1027,947,851,1021,1027
247,3,0,512,906,486,730,538,906
247,24,0,1403,804,1359,658,1448,804
247,48,0,650,887,612,726,689,887
247,4,0,1030,899,1005,712,1055,899
247,66,0,14,650,0,510,28,650
248,1,0,984,1027,948,851,1021,1027
248,3,0,517,905,489,732,545,905
248,24,0,1404,803,1359,659,1449,803
248,48,0,654,887,612,730,697,887
248,4,0,1030,900,1004,714,1056,900
248,66,0,14,645,0,510,29,645
249,1,0,985,1027,949,852,1022,1027
249,3,0,522,904,491,732,554,904
249,24,0,1409,804,1362,659,1457,804
249,48,0,656,886,613,734,700,886
249,4,0,1030,901,1003,715,1058,901
249,66,0,14,646,0,510,29,646
250,1,0,986,1027,949,851,1023,1027
250,3,0,527,905,492,734,562,905
250,24,0,1412,804,1363,658,1461,804
250,48,0,657,886,614,737,701,886
250,4,0,1031,902,1002,716,1060,902
250,66,0,15,647,0,511,30,647
250,67,0,1391,801,1362,658,1421,801
251,1,0,988,1027,950,851,1026,1027
251,3,0,533,906,492,736,574,906
251,24,0,1412,802,1365,658,1460,802
251,48,0,656,886,616,738,697,886
251,4,0,1032,902,1001,716,1063,902
251,66,0,15,648,0,512,30,648
251,67,0,1392,799,1364,657,1420,799
252,1,0,990,1027,951,850,1029,1027
252,3,0,538,906,493,739,584,906
252,24,0,1408,800,1369,657,1447,800
252,48,0,656,883,617,739,695,883
252,4,0,1033,902,1001,718,1065,902
252,66,0,15,644,0,512,31,644
252,67,0,1393,799,1366,657,1420,799
253,1,0,992,1027,953,850,1031,1027
253,3,0,543,907,493,739,593,907
253,24,0,1412,800,1369,655,1456,800
253,48,0,655,883,618,738,692,883
253,4,0,1033,902,1000,719,1066,902
253,66,0,16,643,0,512,32,643
253,67,0,1395,798,1369,656,1421,798
254,1,0,994,1027,955,849,1034,1027
254,3,0,547,908,494,741,601,908
254,24,0,1410,800,1370,654,1451,800
254,48,0,653,881,618,736,688,881
254,4,0,1034,906,1000,720,1069,906
254,66,0,16,645,0,512,32,645
254,67,0,1395,796,1370,655,1421,796
255,1,0,996,1026,956,849,1036,1026
255,3,0,551,908,495,742,607,908
255,48,0,651,881,618,729,684,881
255,4,0,1036,907,1000,719,1073,907
255,66,0,16,646,0,511,33,646
255,67,0,1395,795,1370,654,1421,795
256,1,0,998,1027,958,848,1039,1027
256,3,0,558,906,502,744,614,906
256,48,0,651,881,617,729,685,881
256,4,0,1039,906,1000,720,1078,906
256,66,0,17,645,0,510,34,645
256,67,0,1395,793,1369,653,1421,793
256,24,0,1412,798,1370,652,1454,798
257,1,0,1000,1027,960,847,1041,1027
257,3,0,560,905,514,746,607,905
257,48,0,651,879,619,725,684,879
257,4,0,1040,905,1000,722,1080,905
257,66,0,18,645,0,510,36,645
257,67,0,1397,794,1370,653,1424,794
257,24,0,1411,796,1371,652,1452,796
258,1,0,1003,1027,962,847,1044,1027
258,3,0,575,905,528,746,622,905
258,48,0,652,876,621,726,684,876
258,4,0,1041,906,999,723,1084,906
258,66,0,18,644,0,510,37,644
258,67,0,1397,794,1370,653,1425,794
258,24,0,1415,796,1371,652,1460,796
259,1,0,1005,1027,963,846,1047,1027
259,3,0,584,903,541,746,628,903
259,48,0,653,876,621,725,685,876
259,4,0,1042,906,1000,724,1084,906
259,66,0,19,645,0,512,38,645
259,67,0,1399,794,1371,653,1428,794
259,24,0,1418,799,1372,652,1465,799
260,1,0,1006,1026,964,845,1049,1026
260,3,0,591,906,547,746,635,906
260,48,0,654,877,623,724,685,877
260,4,0,1042,906,1000,725,1084,906
260,66,0,20,644,0,511,40,644
260,67,0,1401,793,1372,653,1430,793
260,24,0,1420,799,1372,652,1468,799
261,1,0,1009,1026,965,845,1053,1026
261,3,0,595,906,548,745,642,906
261,48,0,659,877,632,723,686,877
261,4,0,1042,906,1000,725,1084,906
261,66,0,21,643,0,511,42,643
261,67,0,1402,791,1373,653,1431,791
261,24,0,1417,796,1373,651,1462,796
262,1,0,1009,1025,966,844,1053,1025
262,3,0,599,906,550,743,649,906
262,48,0,658,877,631,721,686,877
262,4,0,1042,908,1000,725,1084,908
262,66,0,22,643,0,509,44,643
262,67,0,1402,790,1374,652,1430,790
262,24,0,1420,797,1375,651,1465,797
263,1,0,1010,1026,966,843,1054,1026
263,3,0,604,906,553,742,655,906
263,48,0,661,874,635,719,687,874
263,4,0,1041,908,1000,725,1083,908
263,66,0,22,640,0,507,45,640
263,67,0,1401,790,1374,653,1428,790
263,24,0,1414,795,1375,651,1454,795
264,1,0,1011,1027,967,843,1056,1027
264,3,0,611,906,559,741,664,906
264,48,0,664,875,637,717,692,875
264,4,0,1042,909,1000,723,1084,909
264,66,0,23,640,0,508,46,640
264,67,0,1399,789,1374,652,1425,789
264,24,0,1416,795,1374,650,1459,795
265,1,0,1012,1027,967,842,1057,1027
265,3,0,625,910,564,728,686,910
265,48,0,657,882,627,719,688,882
265,4,0,1042,908,999,723,1086,908
265,66,0,23,640,0,508,46,640
265,67,0,1398,790,1373,652,1423,790
265,24,0,1412,794,1373,650,1452,794
266,1,0,1012,1026,967,842,1058,1026
266,3,0,636,911,569,722,704,911
266,48,0,661,901,622,720,700,901
266,4,0,1043,908,1000,723,1087,908
266,66,0,23,639,0,508,46,639
266,67,0,1396,789,1370,652,1422,789
266,24,0,1411,794,1370,651,1452,794
267,1,0,1013,1027,968,843,1058,1027
267,3,0,649,909,588,720,711,909
267,4,0,1045,906,1001,725,1090,906
267,66,0,25,636,2,510,49,636
267,67,0,1394,790,1367,651,1421,790
267,24,0,1409,795,1366,650,1452,795
268,1,0,1013,1027,968,843,1058,1027
268,3,0,663,909,607,718,719,909
268,4,0,1048,902,1003,727,1094,902
268,67,0,1390,789,1362,650,1418,789
268,24,0,1408,795,1361,650,1455,795
269,1,0,1014,1027,969,842,1059,1027
269,3,0,672,907,622,716,723,907
269,4,0,1045,897,1007,731,1084,897
269,67,0,1387,788,1358,649,1416,788
269,24,0,1404,792,1357,649,1451,792
270,1,0,1014,1027,969,842,1060,1027
270,4,0,1043,898,1009,736,1078,898
270,67,0,1385,789,1354,649,1416,789
270,48,0,669,905,626,714,712,905
271,1,0,1014,1027,969,842,1059,1027
271,4,0,1046,902,1012,739,1080,902
271,67,0,1385,790,1352,649,1418,790
271,70,0,1068,914,1015,739,1121,914
271,48,0,657,881,626,712,689,881
271,3,0,685,908,647,734,724,908
271,24,0,1400,792,1352,648,1448,792
272,1,0,1015,1028,971,842,1060,1028
272,67,0,1384,791,1350,650,1419,791
272,70,0,1070,911,1017,741,1123,911
272,48,0,652,872,624,710,680,872
272,3,0,699,909,650,736,748,909
272,24,0,1400,793,1349,648,1452,793
273,1,0,1018,1028,973,842,1063,1028
273,70,0,1072,911,1020,744,1124,911
273,48,0,651,868,622,708,681,868
273,3,0,704,906,655,737,753,906
273,24,0,1396,793,1346,648,1447,793
274,1,0,1019,1027,973,842,1065,1027
274,70,0,1067,908,1024,745,1111,908
274,48,0,651,868,620,707,682,868
274,3,0,713,903,661,737,765,903
274,24,0,1397,794,1344,648,1451,794
275,1,0,1019,1028,973,842,1066,1028
275,70,0,1073,906,1031,748,1115,906
275,48,0,650,868,618,706,683,868
275,3,0,724,903,673,739,775,903
275,24,0,1397,791,1342,648,1453,791
275,67,0,1381,789,1343,649,1419,789
276,1,0,1020,1028,973,841,1068,1028
276,70,0,1083,908,1034,748,1132,908
276,48,0,649,863,617,705,682,863
276,3,0,732,900,684,741,780,900
276,67,0,1376,783,1341,649,1412,783
277,1,0,1022,1028,976,841,1069,1028
277,70,0,1090,907,1037,747,1143,907
277,48,0,649,864,615,703,683,864
277,3,0,738,898,691,744,785,898
277,67,0,1374,779,1341,650,1408,779
278,1,0,1026,1028,980,841,1072,1028
278,70,0,1096,907,1040,747,1153,907
278,48,0,647,864,614,700,681,864
278,3,0,744,900,698,747,791,900
278,67,0,1373,779,1341,652,1406,779
279,1,0,1029,1028,983,841,1075,1028
279,70,0,1105,907,1044,747,1166,907
279,48,0,647,861,611,696,683,861
279,3,0,750,896,705,752,796,896
279,67,0,1372,779,1340,654,1404,779
280,1,0,1033,1028,987,840,1079,1028
280,70,0,1113,907,1049,746,1177,907
280,48,0,647,860,609,695,685,860
280,3,0,761,894,721,755,802,894
280,67,0,1370,779,1339,655,1402,779
280,72,0,971,518,950,462,993,518
281,1,0,1034,1027,988,840,1081,1027
281,70,0,1117,918,1054,746,1180,918
281,48,0,647,859,611,693,683,859
281,3,0,775,898,739,755,812,898
281,67,0,1369,779,1338,658,1400,779
281,72,0,971,518,950,463,993,518
282,1,0,1036,1028,990,839,1083,1028
282,70,0,1126,914,1072,746,1180,914
282,48,0,649,858,612,692,687,858
282,3,0,783,898,750,754,817,898
282,67,0,1368,778,1337,661,1399,778
282,72,0,971,518,950,462,993,518
283,1,0,1039,1028,993,840,1086,1028
283,70,0,1131,912,1078,746,1185,912
283,48,0,655,858,614,691,696,858
283,3,0,793,896,760,752,826,896
283,67,0,1367,776,1336,662,1398,776
283,72,0,971,517,950,462,992,517
284,1,0,1041,1028,996,840,1087,1028
284,70,0,1141,910,1091,745,1192,910
284,48,0,660,857,616,691,704,857
284,3,0,805,896,767,748,843,896
284,67,0,1366,776,1335,664,1397,776
284,72,0,971,518,950,462,992,518
285,1,0,1043,1028,998,840,1089,1028
285,70,0,1146,911,1097,743,1196,911
285,48,0,662,857,618,690,707,857
285,3,0,811,897,771,740,851,897
285,67,0,1366,778,1335,665,1397,778
285,72,0,971,518,950,462,992,518
286,1,0,1046,1027,1001,839,1091,1027
286,70,0,1147,911,1096,742,1199,911
286,48,0,665,857,620,690,710,857
286,3,0,814,896,775,726,853,896
286,67,0,1364,780,1334,665,1395,780
286,72,0,970,518,949,462,992,518
287,1,0,1049,1028,1003,839,1096,1028
287,70,0,1150,909,1100,740,1201,909
287,48,0,665,857,620,690,710,857
287,3,0,812,895,778,710,846,895
287,67,0,1363,780,1333,664,1394,780
287,72,0,970,518,949,462,992,518
288,1,0,1053,1028,1006,839,1100,1028
288,70,0,1157,909,1103,738,1211,909
288,48,0,665,857,622,689,709,857
288,3,0,808,897,779,690,837,897
288,67,0,1363,780,1333,663,1393,780
288,72,0,970,518,949,462,992,518
289,1,0,1055,1028,1008,839,1103,1028
289,70,0,1160,907,1105,735,1216,907
289,48,0,664,855,624,688,705,855
289,3,0,806,898,779,671,833,898
289,67,0,1363,779,1332,660,1394,779
289,72,0,970,518,949,462,992,518
290,1,0,1057,1028,1009,839,1105,1028
290,70,0,1184,899,1143,734,1225,899
290,48,0,664,854,626,687,703,854
290,3,0,808,897,780,664,836,897
290,67,0,1362,778,1331,659,1394,778
290,72,0,970,518,949,462,992,518
291,1,0,1057,1027,1010,839,1105,1027
291,70,0,1198,897,1162,734,1234,897
291,48,0,666,853,628,685,704,853
291,3,0,809,896,780,671,838,896
291,67,0,1362,777,1331,658,1394,777
291,72,0,970,518,949,462,992,518
291,24,0,1375,780,1331,654,1419,780
292,1,0,1057,1027,1010,839,1105,1027
292,70,0,1213,894,1179,732,1248,894
292,48,0,666,852,629,684,704,852
292,3,0,812,889,778,670,847,889
292,67,0,1362,776,1330,654,1394,776
292,72,0,970,518,949,462,992,518
293,1,0,1058,1027,1010,839,1106,1027
293,70,0,1224,894,1190,730,1258,894
293,48,0,667,850,630,683,704,850
293,3,0,814,884,771,670,858,884
293,67,0,1362,776,1331,652,1394,776
293,72,0,970,518,949,462,992,518
294,1,0,1057,1027,1010,839,1105,1027
294,70,0,1232,893,1197,728,1267,893
294,48,0,667,849,631,682,704,849
294,3,0,825,890,782,673,868,890
294,67,0,1363,776,1332,650,1395,776
294,72,0,970,518,949,462,992,518
295,1,0,1057,1027,1010,840,1105,1027
295,70,0,1246,892,1199,725,1293,892
295,48,0,667,848,631,682,704,848
295,3,0,833,885,790,670,877,885
295,67,0,1364,776,1332,650,1396,776
295,72,0,970,518,949,462,992,518
296,1,0,1057,1027,1010,838,1104,1027
296,70,0,1257,889,1205,722,1309,889
296,48,0,667,847,631,681,704,847
296,3,0,837,867,794,637,881,867
296,67,0,1365,777,1332,650,1398,777
296,72,0,970,518,949,462,992,518
297,1,0,1055,1027,1009,838,1102,1027
297,70,0,1265,893,1204,721,1327,893
297,48,0,667,848,631,680,704,848
297,3,0,840,861,797,638,884,861
297,67,0,1366,779,1332,651,1400,779
297,72,0,970,518,949,462,992,518
298,1,0,1054,1027,1009,838,1100,1027
298,70,0,1272,893,1205,721,1339,893
298,48,0,667,847,631,680,703,847
298,3,0,844,858,802,635,887,858
298,67,0,1367,779,1331,653,1403,779
298,72,0,970,518,949,462,992,518
299,1,0,1053,1028,1009,837,1098,1028
299,70,0,1289,892,1233,722,1345,892
299,48,0,666,843,630,680,703,843
299,3,0,846,856,804,635,889,856
299,67,0,1370,785,1330,657,1411,785
299,72,0,970,518,949,462,991,518
300,1,0,1053,1028,1009,837,1097,1028
300,70,0,1301,894,1253,724,1350,894
300,48,0,666,841,630,680,702,841
300,3,0,848,859,807,658,890,859
300,67,0,1372,790,1328,662,1416,790
300,72,0,971,517,950,462,992,517
301,1,0,1052,1028,1009,837,1096,1028
301,70,0,1310,892,1270,726,1350,892
301,48,0,665,840,630,680,701,840
301,3,0,850,866,810,670,891,866
301,67,0,1375,792,1329,665,1422,792
301,72,0,970,518,950,462,991,518
302,1,0,1051,1028,1008,836,1095,1028
302,70,0,1319,894,1282,728,1357,894
302,48,0,664,839,629,680,700,839
302,3,0,854,869,815,666,893,869
302,67,0,1377,793,1331,669,1424,793
302,72,0,971,517,950,462,992,517
303,1,0,1051,1028,1008,836,1095,1028
303,70,0,1328,889,1295,730,1362,889
303,48,0,663,839,629,680,698,839
303,3,0,856,876,817,658,895,876
303,67,0,1379,794,1336,671,1423,794
303,72,0,971,517,950,462,992,517
304,1,0,1051,1028,1007,836,1095,1028
304,70,0,1340,886,1307,734,1373,886
304,48,0,662,839,629,678,696,839
304,3,0,858,882,819,663,898,882
304,67,0,1384,796,1343,673,1425,796
304,72,0,971,518,950,462,992,518
305,1,0,1051,1028,1007,835,1095,1028
305,70,0,1355,884,1319,734,1392,884
305,48,0,662,838,629,677,695,838
305,3,0,861,886,822,674,900,886
305,67,0,1383,795,1350,674,1417,795
305,72,0,971,518,950,462,993,518
306,1,0,1051,1028,1006,835,1096,1028
306,70,0,1370,885,1329,731,1411,885
306,48,0,661,838,628,677,694,838
306,3,0,864,888,826,691,902,888
306,67,0,1384,795,1354,674,1414,795
306,72,0,971,518,950,461,993,518
306,76,0,46,581,25,500,68,581
307,1,0,1051,1028,1006,835,1096,1028
307,70,0,1380,888,1334,699,1426,888
307,48,0,660,839,628,676,693,839
307,3,0,868,888,831,707,905,888
307,67,0,1385,798,1356,671,1414,798
307,72,0,972,518,951,461,993,518
307,76,0,46,583,26,500,67,583
308,1,0,1051,1028,1006,835,1097,1028
308,70,0,1388,889,1335,685,1441,889
308,48,0,659,838,627,676,692,838
308,3,0,871,888,836,714,907,888
308,67,0,1385,792,1354,667,1417,792
308,72,0,972,517,951,462,993,517
308,76,0,46,584,26,500,67,584
309,1,0,1053,1028,1007,836,1099,1028
309,70,0,1395,889,1339,673,1451,889
309,48,0,658,840,626,676,690,840
309,3,0,873,887,839,716,908,887
309,67,0,1387,783,1352,666,1423,783
309,72,0,973,518,952,462,994,518
309,76,0,47,588,27,500,68,588
310,1,0,1053,1028,1007,836,1100,1028
310,70,0,1404,889,1347,705,1461,889
310,48,0,657,840,626,676,688,840
310,3,0,874,887,841,715,907,887
310,67,0,1390,779,1353,665,1428,779
310,72,0,973,519,952,462,994,519
310,76,0,48,589,28,500,68,589
311,1,0,1054,1028,1008,837,1101,1028
311,70,0,1409,888,1356,719,1463,888
311,48,0,656,840,625,676,687,840
311,3,0,874,887,844,713,905,887
311,67,0,1396,778,1359,663,1434,778
311,72,0,973,519,953,462,994,519
311,76,0,49,612,27,500,71,612
312,1,0,1055,1027,1009,836,1102,1027
312,70,0,1416,892,1368,723,1464,892
312,48,0,655,840,624,676,686,840
312,3,0,872,886,845,709,900,886
312,67,0,1400,776,1364,660,1437,776
312,72,0,973,519,952,462,994,519
312,76,0,49,620,27,500,71,620
313,1,0,1055,1027,1009,835,1102,1027
313,70,0,1423,894,1378,722,1468,894
313,48,0,653,840,623,675,683,840
313,3,0,871,887,845,704,897,887
313,67,0,1402,775,1365,656,1439,775
313,72,0,973,519,953,462,994,519
313,76,0,49,624,26,499,72,624
314,1,0,1056,1027,1010,835,1103,1027
314,70,0,1431,894,1391,719,1472,894
314,48,0,652,840,622,676,682,840
314,3,0,871,885,845,700,897,885
314,67,0,1404,790,1368,654,1440,790
314,72,0,973,519,953,462,994,519
314,76,0,48,625,25,498,72,625
314,81,0,666,841,621,675,712,841
315,1,0,1056,1027,1010,835,1103,1027
315,70,0,1439,890,1405,717,1474,890
315,48,0,650,839,621,675,679,839
315,3,0,870,882,845,698,896,882
315,67,0,1403,793,1369,643,1438,793
315,72,0,973,519,953,462,994,519
315,76,0,47,624,25,499,70,624
315,81,0,664,842,621,676,707,842
316,1,0,1056,1027,1010,835,1103,1027
316,70,0,1447,890,1416,714,1478,890
316,48,0,649,839,619,675,679,839
316,3,0,869,880,842,697,897,880
316,67,0,1404,798,1369,648,1439,798
316,72,0,973,519,953,461,994,519
316,76,0,46,625,24,499,69,625
316,81,0,662,843,620,677,704,843
317,1,0,1057,1027,1010,835,1104,1027
317,70,0,1456,890,1429,713,1483,890
317,48,0,648,841,618,675,679,841
317,3,0,868,879,838,696,898,879
317,67,0,1406,800,1368,651,1444,800
317,72,0,974,519,954,461,994,519
317,76,0,44,624,22,499,67,624
317,81,0,663,842,617,675,709,842
318,1,0,1057,1027,1011,835,1104,1027
318,70,0,1464,889,1437,712,1492,889
318,48,0,648,841,616,675,680,841
318,3,0,865,877,833,697,898,877
318,67,0,1408,801,1369,654,1448,801
318,72,0,974,519,954,461,994,519
318,76,0,43,623,20,499,66,623
318,81,0,662,841,615,675,710,841
319,1,0,1057,1027,1011,835,1104,1027
319,70,0,1475,890,1446,714,1504,890
319,48,0,646,840,615,676,678,840
319,3,0,865,877,830,698,901,877
319,67,0,1414,801,1372,658,1457,801
319,72,0,974,519,954,461,994,519
319,81,0,662,841,616,675,708,841
320,1,0,1057,1027,1011,835,1104,1027
320,70,0,1482,893,1453,715,1511,893
320,48,0,645,840,614,676,677,840
320,3,0,867,876,831,702,904,876
320,67,0,1418,809,1375,661,1461,809
320,72,0,974,519,954,461,994,519
320,83,0,1403,798,1375,661,1431,798
321,1,0,1058,1027,1012,835,1104,1027
321,70,0,1487,888,1457,716,1517,888
321,48,0,644,839,613,676,676,839
321,3,0,869,875,830,706,908,875
321,67,0,1420,805,1378,663,1463,805
321,72,0,974,519,954,462,994,519
321,83,0,1403,799,1377,663,1430,799
322,1,0,1058,1027,1012,835,1104,1027
322,70,0,1491,889,1459,719,1524,889
322,48,0,643,839,613,676,673,839
322,3,0,872,874,830,711,914,874
322,67,0,1423,809,1382,665,1464,809
322,72,0,973,519,953,462,994,519
322,83,0,1404,800,1382,666,1427,800
323,1,0,1058,1027,1012,836,1104,1027
323,70,0,1492,888,1453,724,1531,888
323,48,0,641,838,612,676,671,838
323,3,0,876,875,829,713,924,875
323,67,0,1423,812,1386,667,1461,812
323,72,0,974,519,954,461,994,519
324,1,0,1058,1027,1012,835,1104,1027
324,70,0,1499,887,1461,728,1538,887
324,48,0,642,837,612,676,673,837
324,3,0,881,876,830,715,932,876
324,67,0,1421,814,1388,670,1454,814
324,72,0,974,519,954,461,994,519
324,81,0,661,839,612,674,710,839
325,1,0,1058,1027,1012,835,1104,1027
325,70,0,1501,888,1462,733,1541,888
325,48,0,639,833,611,676,668,833
325,3,0,888,881,832,717,945,881
325,67,0,1419,813,1388,673,1451,813
325,72,0,974,519,953,461,995,519
325,81,0,659,835,612,675,706,835
326,1,0,1057,1026,1012,835,1103,1026
326,70,0,1504,894,1461,737,1547,894
326,48,0,639,834,612,676,667,834
326,3,0,891,883,833,718,950,883
326,67,0,1417,810,1386,675,1448,810
326,72,0,974,519,954,461,995,519
326,81,0,660,836,613,675,707,836
327,1,0,1057,1026,1012,836,1103,1026
327,70,0,1508,896,1464,740,1553,896
327,48,0,638,834,612,676,665,834
327,3,0,887,879,833,718,942,879
327,67,0,1415,805,1385,677,1446,805
327,72,0,974,519,954,461,995,519
328,1,0,1057,1026,1011,836,1104,1026
328,70,0,1515,900,1468,741,1562,900
328,48,0,638,834,611,677,666,834
328,3,0,886,877,834,718,938,877
328,67,0,1415,804,1385,679,1446,804
328,72,0,974,520,954,460,995,520
329,1,0,1057,1026,1010,837,1104,1026
329,70,0,1524,904,1477,742,1572,904
329,48,0,638,836,611,677,666,836
329,3,0,889,877,836,716,942,877
329,67,0,1417,803,1388,679,1447,803
329,72,0,974,520,953,460,995,520
330,1,0,1056,1027,1008,837,1104,1027
330,70,0,1534,904,1489,742,1579,904
330,48,0,639,836,612,678,667,836
330,3,0,898,880,839,715,958,880
330,67,0,1420,804,1392,678,1448,804
330,72,0,974,520,954,460,995,520
331,1,0,1055,1027,1007,838,1104,1027
331,70,0,1544,906,1501,743,1588,906
331,48,0,639,835,611,680,668,835
331,3,0,903,881,844,714,963,881
331,67,0,1422,808,1395,678,1449,808
331,72,0,974,520,954,460,995,520
332,1,0,1054,1027,1006,839,1103,1027
332,70,0,1552,911,1508,744,1596,911
332,48,0,638,835,611,680,666,835
332,3,0,905,879,848,713,962,879
332,67,0,1423,812,1397,676,1450,812
332,72,0,974,520,953,461,995,520
332,85,0,1535,895,1508,744,1562,895
333,1,0,1052,1027,1004,839,1101,1027
333,70,0,1552,909,1512,744,1593,909
333,48,0,638,835,610,680,666,835
333,3,0,903,877,852,713,955,877
333,67,0,1425,814,1401,675,1449,814
333,72,0,974,520,953,461,995,520
334,1,0,1051,1027,1003,839,1099,1027
334,70,0,1550,906,1514,745,1586,906
334,48,0,636,834,609,680,664,834
334,3,0,900,875,858,712,943,875
334,67,0,1427,810,1405,674,1449,810
334,72,0,974,520,953,461,995,520
335,1,0,1047,1027,1002,839,1093,1027
335,70,0,1548,907,1508,746,1588,907
335,48,0,634,834,607,679,662,834
335,3,0,903,873,866,711,940,873
335,67,0,1428,808,1406,674,1451,808
335,72,0,974,520,953,461,995,520
336,1,0,1045,1027,1001,839,1090,1027
336,70,0,1542,910,1498,747,1587,910
336,48,0,633,834,605,679,662,834
336,3,0,906,874,872,711,941,874
336,67,0,1429,807,1407,674,1452,807
336,72,0,974,520,953,461,995,520
337,1,0,1042,1027,999,839,1086,1027
337,70,0,1542,911,1494,745,1590,911
337,48,0,631,833,602,679,661,833
337,3,0,910,875,878,711,943,875
337,67,0,1431,809,1408,673,1455,809
337,72,0,974,520,953,461,995,520
338,1,0,1041,1027,998,838,1084,1027
338,70,0,1543,911,1496,743,1590,911
338,48,0,629,834,600,680,659,834
338,3,0,917,872,888,711,946,872
338,67,0,1434,806,1410,673,1458,806
338,72,0,974,520,953,461,995,520
339,1,0,1039,1026,996,838,1082,1026
339,70,0,1542,916,1492,741,1593,916
339,48,0,632,837,598,679,667,837
339,3,0,922,875,893,711,951,875
339,67,0,1435,801,1409,673,1462,801
339,72,0,974,520,953,461,995,520
340,1,0,1038,1026,995,838,1081,1026
340,70,0,1542,919,1490,739,1594,919
340,48,0,632,837,596,679,669,837
340,3,0,929,881,896,711,962,881
340,67,0,1437,802,1408,672,1467,802
340,72,0,974,520,953,461,995,520
341,1,0,1035,1027,993,839,1077,1027
341,70,0,1542,921,1488,738,1596,921
341,48,0,632,836,594,678,670,836
341,3,0,932,879,898,712,966,879
341,67,0,1439,800,1408,672,1471,800
341,72,0,974,520,953,461,995,520
342,1,0,1033,1027,992,840,1074,1027
342,70,0,1539,925,1483,737,1596,925
342,48,0,632,838,591,677,673,838
342,3,0,934,880,901,713,967,880
342,67,0,1443,800,1408,672,1479,800
342,72,0,974,520,953,461,995,520
343,1,0,1031,1028,991,841,1072,1028
343,70,0,1549,925,1500,737,1599,925
343,48,0,630,836,589,676,671,836
343,3,0,936,886,903,713,969,886
343,67,0,1451,800,1408,670,1494,800
343,72,0,974,520,953,461,995,520
344,1,0,1028,1028,989,842,1068,1028
344,70,0,1546,930,1507,739,1586,930
344,48,0,625,833,588,676,662,833
344,3,0,937,887,904,713,970,887
344,67,0,1453,802,1408,668,1499,802
344,72,0,974,520,953,461,995,520
345,1,0,1027,1028,988,842,1066,1028
345,70,0,1551,932,1504,741,1598,932
345,48,0,616,832,585,675,648,832
345,3,0,938,888,905,712,971,888
345,67,0,1454,802,1409,665,1500,802
345,72,0,974,520,953,461,995,520
346,1,0,1025,1028,986,842,1064,1028
346,70,0,1549,934,1497,742,1602,934
346,48,0,613,831,583,675,643,831
346,3,0,940,890,908,713,972,890
346,67,0,1455,800,1412,664,1499,800
346,72,0,974,520,953,461,995,520
347,1,0,1024,1028,985,843,1063,1028
347,70,0,1539,937,1482,744,1597,937
347,48,0,607,828,579,675,636,828
347,3,0,941,891,909,714,973,891
347,67,0,1456,799,1412,661,1500,799
347,72,0,974,520,953,461,995,520
348,1,0,1023,1027,984,843,1062,1027
348,70,0,1536,933,1491,744,1582,933
348,48,0,604,828,577,674,632,828
348,3,0,942,892,911,714,973,892
348,67,0,1459,799,1417,659,1502,799
348,72,0,974,520,953,461,995,520
349,1,0,1022,1026,982,843,1062,1026
349,70,0,1533,931,1492,744,1574,931
349,48,0,603,828,575,674,631,828
349,3,0,943,892,913,715,973,892
349,67,0,1465,798,1426,656,1505,798
349,72,0,974,520,953,461,995,520
349,87,0,21,628,0,508,43,628
350,1,0,1020,1027,980,843,1061,1027
350,70,0,1530,931,1494,743,1567,931
350,48,0,599,826,570,674,629,826
350,3,0,943,892,914,716,973,892
350,67,0,1474,795,1441,654,1508,795
350,72,0,974,520,953,461,995,520
350,87,0,21,636,0,507,42,636
351,1,0,1019,1026,978,844,1060,1026
351,70,0,1527,932,1493,743,1562,932
351,48,0,595,826,564,675,627,826
351,3,0,944,893,915,716,974,893
351,67,0,1486,794,1461,652,1512,794
351,72,0,974,520,953,461,995,520
351,87,0,20,634,0,510,41,634
352,1,0,1017,1026,975,844,1060,1026
352,70,0,1527,935,1491,741,1564,935
352,48,0,590,825,556,674,625,825
352,3,0,945,893,915,716,975,893
352,67,0,1495,793,1475,651,1516,793
352,72,0,974,520,953,461,995,520
352,87,0,20,639,0,510,41,639
353,1,0,1016,1026,973,844,1060,1026
353,70,0,1526,932,1487,754,1565,932
353,48,0,585,828,548,674,623,828
353,3,0,944,893,913,716,975,893
353,67,0,1504,799,1480,652,1528,799
353,72,0,974,520,953,461,995,520
353,87,0,20,638,0,511,41,638
354,1,0,1016,1026,971,845,1061,1026
354,70,0,1523,935,1483,688,1563,935
354,48,0,584,834,542,673,627,834
354,3,0,943,892,911,717,976,892
354,72,0,974,520,953,461,995,520
354,87,0,20,639,0,510,41,639
355,1,0,1015,1026,970,845,1061,1026
355,70,0,1520,935,1481,667,1559,935
355,48,0,584,838,539,673,630,838
355,3,0,943,892,910,717,976,892
355,72,0,974,520,953,461,995,520
355,87,0,20,638,0,512,41,638
355,88,0,1519,937,1481,753,1558,937
356,1,0,1013,1025,969,846,1058,1025
356,70,0,1512,934,1479,659,1545,934
356,48,0,585,840,538,673,633,840
356,3,0,942,893,909,715,976,893
356,72,0,974,520,953,461,995,520
356,88,0,1511,935,1478,755,1545,935
357,1,0,1011,1025,968,846,1055,1025
357,48,0,583,839,537,673,630,839
357,3,0,942,892,908,715,976,892
357,72,0,974,520,953,461,995,520
357,88,0,1503,925,1472,753,1535,925
357,67,0,1518,795,1495,658,1542,795
358,1,0,1010,1025,967,847,1054,1025
358,48,0,582,837,538,674,627,837
358,3,0,942,892,907,714,977,892
358,72,0,974,520,953,461,995,520
358,88,0,1501,926,1469,749,1533,926
358,67,0,1524,795,1497,661,1551,795
359,1,0,1010,1025,966,847,1054,1025
359,48,0,582,836,537,675,628,836
359,3,0,941,892,904,713,978,892
359,72,0,974,519,953,461,995,519
359,88,0,1496,923,1464,751,1529,923
359,67,0,1534,798,1501,665,1568,798
360,1,0,1009,1026,966,847,1053,1026
360,48,0,580,835,537,675,623,835
360,3,0,940,890,902,713,978,890
360,72,0,974,519,953,461,995,519
360,88,0,1491,923,1457,753,1525,923
360,67,0,1535,795,1504,667,1567,795
361,1,0,1008,1026,965,848,1051,1026
361,48,0,573,830,537,674,609,830
361,3,0,938,890,899,713,978,890
361,72,0,974,519,953,461,995,519
361,88,0,1487,927,1451,752,1523,927
361,67,0,1536,795,1507,668,1565,795
362,1,0,1005,1026,964,848,1047,1026
362,48,0,569,827,538,673,600,827
362,3,0,937,890,897,713,978,890
362,72,0,974,519,953,461,995,519
362,88,0,1484,928,1447,752,1521,928
362,67,0,1536,792,1509,669,1564,792
362,90,0,1545,798,1509,669,1582,798
363,1,0,1003,1026,962,848,1044,1026
363,48,0,564,828,537,674,592,828
363,3,0,936,890,896,713,977,890
363,72,0,974,520,953,461,995,520
363,88,0,1481,930,1442,752,1520,930
363,67,0,1537,791,1510,668,1564,791
363,90,0,1548,797,1510,668,1586,797
363,87,0,16,650,0,520,32,650
364,1,0,1000,1026,961,848,1040,1026
364,48,0,561,825,536,673,586,825
364,3,0,936,890,895,714,977,890
364,72,0,974,520,953,461,995,520
364,88,0,1483,934,1437,750,1530,934
364,67,0,1539,790,1510,665,1568,790
364,90,0,1551,795,1507,666,1595,795
364,87,0,15,647,0,521,30,647
365,1,0,999,1027,960,848,1039,1027
365,48,0,557,823,534,673,580,823
365,3,0,936,890,895,714,977,890
365,72,0,974,520,953,461,995,520
365,88,0,1484,937,1434,749,1535,937
365,67,0,1540,790,1510,662,1571,790
365,90,0,1555,794,1507,660,1604,794
365,87,0,14,649,0,522,29,649
366,1,0,998,1027,959,848,1037,1027
366,48,0,553,825,531,674,576,825
366,3,0,936,890,895,715,977,890
366,72,0,974,520,953,461,995,520
366,88,0,1485,939,1434,749,1536,939
366,67,0,1542,791,1510,653,1575,791
366,90,0,1557,795,1508,651,1607,795
366,87,0,13,650,0,522,27,650
367,1,0,996,1027,957,848,1035,1027
367,48,0,550,828,525,674,576,828
367,3,0,935,890,894,715,976,890
367,72,0,974,520,953,461,995,520
367,88,0,1483,940,1432,748,1534,940
367,67,0,1543,790,1510,650,1576,790
367,90,0,1564,794,1508,649,1620,794
367,87,0,13,646,0,522,27,646
368,1,0,994,1027,955,848,1033,1027
368,48,0,547,830,520,674,574,830
368,3,0,935,890,894,715,976,890
368,72,0,974,520,953,461,995,520
368,88,0,1474,936,1428,748,1521,936
368,67,0,1543,790,1510,644,1577,790
368,87,0,13,645,0,522,27,645
369,1,0,992,1027,954,848,1031,1027
369,48,0,543,830,515,674,571,830
369,3,0,934,890,893,715,976,890
369,72,0,974,520,953,461,996,520
369,88,0,1464,939,1420,749,1508,939
369,67,0,1543,790,1509,643,1578,790
369,87,0,14,645,0,521,28,645
370,1,0,992,1027,953,849,1031,1027
370,48,0,541,829,510,674,572,829
370,3,0,934,890,893,715,976,890
370,72,0,975,520,954,461,996,520
370,88,0,1452,941,1407,750,1497,941
370,67,0,1545,790,1510,637,1580,790
370,87,0,14,644,0,521,28,644
370,90,0,1562,793,1510,635,1614,793
371,1,0,990,1027,951,849,1030,1027
371,48,0,541,829,507,674,575,829
371,3,0,934,890,893,715,976,890
371,72,0,975,520,954,461,997,520
371,88,0,1437,937,1391,752,1483,937
371,67,0,1546,790,1510,631,1583,790
371,87,0,14,635,0,520,28,635
372,1,0,989,1027,951,850,1028,1027
372,48,0,540,830,505,676,576,830
372,3,0,934,890,893,716,975,890
372,72,0,975,520,954,461,997,520
372,88,0,1427,938,1374,752,1480,938
372,67,0,1549,788,1513,627,1586,788
372,87,0,13,633,0,521,27,633
373,1,0,988,1027,950,850,1027,1027
373,48,0,541,830,504,677,579,830
373,3,0,933,890,893,715,974,890
373,72,0,975,520,954,461,997,520
373,88,0,1418,936,1361,750,1476,936
373,67,0,1553,789,1516,621,1590,789
373,87,0,13,638,0,521,27,638
374,1,0,987,1027,949,851,1025,1027
374,48,0,539,829,503,678,576,829
374,3,0,933,891,893,714,973,891
374,72,0,975,520,954,461,997,520
374,88,0,1410,935,1348,750,1473,935
374,67,0,1556,788,1519,607,1593,788
375,1,0,985,1027,947,852,1024,1027
375,48,0,538,830,501,677,575,830
375,3,0,933,891,894,714,973,891
375,72,0,975,520,954,461,997,520
375,88,0,1404,935,1340,747,1468,935
375,67,0,1557,787,1520,601,1595,787
376,1,0,983,1027,944,852,1023,1027
376,48,0,536,830,500,678,573,830
376,3,0,933,891,893,713,973,891
376,72,0,975,520,954,461,997,520
376,88,0,1402,936,1336,746,1468,936
376,67,0,1560,786,1523,604,1597,786
377,1,0,981,1027,941,852,1022,1027
377,48,0,533,828,500,678,567,828
377,3,0,933,891,894,713,972,891
377,72,0,975,520,954,461,997,520
377,88,0,1400,938,1331,744,1469,938
377,67,0,1563,787,1527,614,1600,787
378,1,0,980,1028,939,853,1022,1028
378,48,0,530,827,500,678,561,827
378,3,0,933,892,894,714,972,892
378,72,0,975,520,954,461,997,520
378,88,0,1394,932,1327,743,1461,932
378,67,0,1567,790,1530,627,1605,790
379,1,0,979,1027,938,854,1020,1027
379,48,0,528,827,500,678,557,827
379,3,0,933,892,895,717,971,892
379,72,0,975,520,954,461,997,520
379,88,0,1384,927,1320,743,1448,927
379,67,0,1576,795,1535,631,1617,795
380,1,0,977,1027,937,854,1018,1027
380,48,0,529,827,500,677,558,827
380,3,0,934,894,898,719,971,894
380,72,0,975,520,954,461,997,520
380,88,0,1371,922,1314,744,1429,922
380,67,0,1585,795,1544,637,1626,795
381,1,0,976,1028,935,853,1018,1028
381,48,0,526,826,499,677,553,826
381,3,0,935,896,902,721,968,896
381,72,0,975,520,954,461,997,520
381,88,0,1362,918,1308,743,1416,918
381,67,0,1588,796,1548,645,1628,796
382,1,0,974,1028,933,852,1016,1028
382,48,0,525,825,498,678,552,825
382,3,0,934,897,903,724,966,897
382,72,0,975,520,954,461,997,520
382,88,0,1352,916,1304,746,1400,916
382,67,0,1591,794,1553,651,1629,794
383,1,0,972,1028,931,852,1014,1028
383,48,0,523,825,496,678,550,825
383,3,0,934,898,903,727,965,898
383,72,0,975,520,954,461,997,520
383,88,0,1353,921,1300,747,1406,921
383,67,0,1594,796,1558,656,1631,796
384,1,0,971,1028,930,852,1012,1028
384,48,0,521,826,495,678,548,826
384,3,0,932,897,902,728,962,897
384,72,0,975,520,954,461,997,520
384,88,0,1336,920,1292,746,1380,920
384,67,0,1602,799,1560,660,1645,799
385,1,0,967,1028,926,853,1009,1028
385,48,0,519,826,492,678,547,826
385,3,0,930,897,901,729,959,897
385,72,0,975,520,953,461,997,520
385,88,0,1323,917,1282,743,1364,917
385,67,0,1604,799,1559,663,1650,799
385,91,0,1584,794,1555,662,1614,794
386,1,0,964,1028,922,853,1007,1028
386,48,0,519,826,490,679,549,826
386,3,0,930,896,899,729,961,896
386,72,0,975,521,953,461,997,521
386,88,0,1315,917,1271,741,1359,917
386,67,0,1604,798,1558,664,1650,798
387,1,0,961,1028,918,852,1004,1028
387,48,0,524,827,490,679,558,827
387,3,0,930,895,899,729,961,895
387,72,0,975,521,954,461,997,521
387,88,0,1314,919,1259,738,1369,919
387,67,0,1601,797,1557,661,1646,797
388,1,0,957,1028,914,851,1000,1028
388,48,0,525,826,490,679,560,826
388,3,0,930,895,900,727,961,895
388,72,0,975,520,954,461,997,520
388,88,0,1302,912,1247,737,1358,912
388,67,0,1598,796,1556,659,1641,796
389,1,0,955,1028,911,852,999,1028
389,48,0,521,825,491,679,551,825
389,3,0,930,895,899,725,961,895
389,72,0,975,520,954,461,997,520
389,88,0,1298,916,1232,736,1365,916
389,67,0,1597,796,1555,656,1640,796
390,1,0,951,1028,907,852,996,1028
390,48,0,519,825,491,679,547,825
390,3,0,931,895,897,724,966,895
390,72,0,975,520,954,461,997,520
390,88,0,1287,912,1222,735,1352,912
390,67,0,1599,797,1554,655,1644,797
391,1,0,949,1028,904,852,994,1028
391,48,0,519,826,492,678,547,826
391,3,0,931,895,896,724,966,895
391,72,0,975,520,954,461,997,520
391,88,0,1277,910,1213,734,1341,910
391,91,0,1589,794,1553,652,1626,794
392,1,0,946,1028,901,852,992,1028
392,48,0,521,826,495,677,547,826
392,3,0,930,892,896,724,965,892
392,72,0,975,520,954,461,997,520
392,88,0,1265,907,1208,733,1322,907
392,67,0,1600,799,1555,651,1645,799
393,1,0,943,1028,898,851,989,1028
393,48,0,521,826,496,675,547,826
393,3,0,932,876,898,723,966,876
393,72,0,975,520,954,461,997,520
393,88,0,1256,901,1205,733,1308,901
393,67,0,1599,797,1556,648,1643,797
394,1,0,941,1028,894,849,988,1028
394,48,0,521,825,496,672,547,825
394,3,0,933,867,900,722,966,867
394,72,0,975,520,953,461,997,520
394,88,0,1242,895,1195,732,1289,895
394,91,0,1587,791,1553,645,1621,791
395,1,0,937,1028,890,848,984,1028
395,48,0,521,823,497,670,545,823
395,3,0,933,866,901,720,965,866
395,72,0,975,520,953,461,997,520
395,88,0,1223,892,1176,734,1270,892
395,91,0,1590,792,1552,643,1628,792
396,1,0,935,1028,887,848,983,1028
396,48,0,521,820,498,667,545,820
396,3,0,934,865,903,718,966,865
396,72,0,975,520,953,460,997,520
396,88,0,1208,891,1160,733,1257,891
396,91,0,1581,788,1548,641,1614,788
397,1,0,933,1028,885,849,982,1028
397,48,0,522,818,499,665,546,818
397,3,0,935,866,904,715,966,866
397,72,0,975,520,953,460,997,520
397,88,0,1197,891,1148,730,1247,891
397,91,0,1570,783,1539,639,1602,783
398,1,0,932,1028,884,850,981,1028
398,48,0,523,813,501,664,546,813
398,3,0,935,868,905,713,965,868
398,72,0,975,520,954,461,997,520
398,88,0,1192,892,1136,726,1249,892
398,91,0,1564,780,1535,638,1593,780
399,1,0,932,1028,885,849,980,1028
399,48,0,525,809,503,663,547,809
399,3,0,934,864,905,711,963,864
399,72,0,975,520,954,460,997,520
399,88,0,1189,893,1130,720,1249,893
399,91,0,1558,779,1530,638,1587,779
400,1,0,932,1028,885,848,980,1028
400,48,0,528,810,503,663,554,810
400,3,0,934,866,905,709,964,866
400,72,0,975,520,954,460,997,520
400,88,0,1187,892,1126,714,1249,892
400,91,0,1552,784,1521,638,1583,784
401,1,0,932,1027,886,847,979,1027
401,48,0,527,808,503,664,552,808
401,3,0,937,867,906,706,969,867
401,72,0,975,520,954,460,997,520
401,88,0,1182,891,1116,711,1249,891
401,91,0,1547,783,1515,639,1580,783
402,1,0,933,1027,888,846,978,1027
402,48,0,528,808,502,665,554,808
402,3,0,939,862,907,703,972,862
402,72,0,975,520,954,460,997,520
402,88,0,1180,882,1113,707,1248,882
402,91,0,1543,782,1508,640,1579,782
403,1,0,934,1028,890,847,979,1028
403,48,0,528,807,503,665,554,807
403,3,0,940,864,907,700,973,864
403,72,0,975,520,954,460,997,520
403,88,0,1178,863,1111,702,1245,863
403,91,0,1539,782,1501,641,1577,782
404,1,0,935,1028,892,847,979,1028
404,48,0,530,808,504,667,557,808
404,3,0,941,864,908,696,975,864
404,72,0,975,520,954,461,997,520
404,88,0,1177,861,1114,699,1240,861
404,91,0,1536,781,1497,641,1576,781
405,1,0,936,1028,893,847,979,1028
405,48,0,530,808,504,671,557,808
405,3,0,941,860,908,695,975,860
405,72,0,975,520,954,461,997,520
405,88,0,1175,850,1120,697,1231,850
405,91,0,1533,782,1491,642,1575,782
406,1,0,936,1028,894,847,979,1028
406,48,0,530,808,503,675,558,808
406,3,0,942,854,909,695,975,854
406,72,0,975,520,954,461,997,520
406,88,0,1181,874,1126,697,1237,874
406,91,0,1531,782,1487,642,1576,782
407,1,0,937,1028,895,847,979,1028
407,48,0,532,808,504,680,561,808
407,3,0,942,849,910,696,974,849
407,72,0,975,520,954,461,997,520
407,88,0,1168,855,1123,698,1214,855
407,91,0,1528,782,1482,644,1574,782
408,1,0,938,1028,896,846,980,1028
408,48,0,535,807,505,685,566,807
408,3,0,944,849,914,700,974,849
408,72,0,975,520,954,461,997,520
408,88,0,1154,853,1117,700,1191,853
408,91,0,1531,787,1478,644,1585,787
409,1,0,938,1028,896,847,980,1028
409,48,0,536,808,502,690,570,808
409,3,0,944,849,914,700,975,849
409,72,0,975,520,954,461,997,520
409,88,0,1143,852,1112,702,1175,852
409,91,0,1532,792,1475,645,1589,792
410,1,0,938,1028,896,846,981,1028
410,48,0,536,806,498,695,575,806
410,3,0,944,846,914,704,974,846
410,72,0,975,520,954,461,997,520
410,88,0,1133,848,1106,704,1160,848
410,91,0,1530,793,1473,646,1588,793
410,98,36,563,814,529,792,597,814
411,1,0,938,1028,897,846,980,1028
411,48,0,534,803,492,698,576,803
411,3,0,943,847,914,707,973,847
411,72,0,975,520,954,461,997,520
411,88,0,1122,848,1093,704,1152,848
411,91,0,1528,790,1473,647,1584,790
411,98,36,563,814,529,792,597,814
412,1,0,938,1028,897,846,980,1028
412,48,0,534,806,489,700,580,806
412,3,0,944,843,914,711,974,843
412,72,0,975,520,954,461,997,520
412,88,0,1114,849,1084,702,1145,849
412,91,0,1526,788,1473,649,1579,788
412,98,36,562,816,529,791,596,816
413,1,0,938,1028,897,847,980,1028
413,48,0,534,804,488,701,581,804
413,3,0,944,844,915,714,974,844
413,72,0,975,519,954,461,997,519
413,88,0,1108,849,1071,700,1145,849
413,91,0,1523,787,1473,650,1573,787
413,98,36,560,816,526,791,595,816
414,1,0,939,1028,898,846,981,1028
414,48,0,534,809,488,702,580,809
414,3,0,945,845,916,711,974,845
414,72,0,975,519,954,461,997,519
414,88,0,1104,846,1066,688,1143,846
414,91,0,1519,787,1472,652,1567,787
414,98,36,561,818,526,793,596,818
414,101,0,946,911,916,712,976,911
415,1,0,940,1028,899,845,982,1028
415,48,0,534,811,491,702,577,811
415,3,0,945,845,916,710,974,845
415,72,0,975,519,953,461,997,519
415,88,0,1106,846,1065,671,1147,846
415,91,0,1508,787,1471,653,1546,787
415,98,36,562,821,525,794,599,821
415,101,0,946,912,917,710,976,912
416,1,0,941,1028,899,845,983,1028
416,48,0,537,813,501,701,574,813
416,3,0,946,844,918,707,975,844
416,72,0,975,519,954,461,997,519
416,88,0,1103,846,1062,654,1144,846
416,91,0,1508,789,1469,653,1548,789
416,98,36,565,823,531,794,600,823
416,101,0,946,899,915,707,977,899
417,1,0,942,1028,900,844,984,1028
417,48,0,550,820,510,700,590,820
417,3,0,948,844,918,698,979,844
417,72,0,974,519,953,461,996,519
417,88,0,1103,847,1061,643,1145,847
417,91,0,1498,787,1455,654,1542,787
417,101,0,950,896,918,695,982,896
418,1,0,943,1027,900,841,986,1027
418,48,0,547,813,515,699,580,813
418,3,0,950,842,919,691,982,842
418,72,0,975,519,954,461,997,519
418,88,0,1102,845,1060,637,1144,845
418,91,0,1491,790,1444,654,1539,790
419,1,0,943,1027,901,839,986,1027
419,48,0,547,812,518,697,577,812
419,3,0,952,842,920,685,984,842
419,72,0,975,519,954,461,997,519
419,88,0,1099,843,1056,633,1143,843
419,91,0,1486,791,1437,653,1535,791
420,1,0,944,1028,901,837,987,1028
420,48,0,550,814,519,695,581,814
420,3,0,952,839,922,663,983,839
420,72,0,975,519,954,461,997,519
420,88,0,1092,833,1046,631,1138,833
420,91,0,1482,789,1434,652,1531,789
421,1,0,945,1028,902,836,988,1028
421,48,0,554,812,521,693,587,812
421,3,0,952,836,924,652,980,836
421,72,0,975,519,954,461,997,519
421,88,0,1083,827,1033,628,1133,827
421,91,0,1479,790,1433,653,1526,790
422,1,0,945,1028,902,837,989,1028
422,48,0,557,812,522,690,593,812
422,3,0,951,834,924,648,979,834
422,72,0,975,519,954,461,997,519
422,88,0,1074,818,1023,628,1126,818
422,91,0,1477,791,1431,653,1523,791
423,1,0,945,1028,902,838,988,1028
423,48,0,561,812,524,687,598,812
423,3,0,948,832,924,647,973,832
423,72,0,975,519,954,461,996,519
423,88,0,1072,810,1026,626,1118,810
423,91,0,1468,790,1428,653,1509,790
424,1,0,945,1028,902,838,989,1028
424,48,0,563,814,525,684,602,814
424,3,0,947,828,924,644,971,828
424,72,0,974,519,953,461,996,519
424,88,0,1072,804,1036,627,1108,804
424,91,0,1457,793,1411,653,1503,793
425,1,0,946,1028,903,840,989,1028
425,48,0,565,817,525,683,606,817
425,3,0,946,822,924,641,969,822
425,72,0,974,519,953,461,996,519
425,88,0,1066,806,1037,631,1096,806
425,91,0,1449,793,1403,653,1496,793
426,1,0,945,1028,902,841,989,1028
426,48,0,567,823,525,682,610,823
426,3,0,946,816,925,637,968,816
426,72,0,974,518,953,461,996,518
426,88,0,1059,806,1032,635,1087,806
426,91,0,1442,795,1394,652,1490,795
427,1,0,945,1029,902,840,989,1029
427,48,0,569,826,524,683,614,826
427,3,0,946,809,924,619,969,809
427,72,0,975,519,954,461,997,519
427,88,0,1056,807,1029,638,1084,807
427,91,0,1434,798,1385,650,1484,798
428,1,0,945,1029,902,839,989,1029
428,48,0,570,830,524,687,617,830
428,3,0,946,803,925,615,968,803
428,88,0,1057,819,1027,638,1087,819
428,91,0,1423,792,1377,650,1469,792
429,1,0,945,1029,901,839,989,1029
429,48,0,575,835,532,690,618,835
429,3,0,947,802,925,606,970,802
429,88,0,1056,822,1023,642,1090,822
429,91,0,1413,790,1363,649,1464,790
430,1,0,944,1029,900,839,989,1029
430,48,0,579,838,538,694,620,838
430,3,0,947,803,924,603,970,803
430,88,0,1053,821,1018,644,1089,821
430,91,0,1409,795,1356,650,1462,795
431,1,0,943,1028,899,840,988,1028
431,48,0,581,841,542,699,621,841
431,3,0,946,805,922,616,971,805
431,88,0,1049,818,1009,645,1089,818
431,91,0,1406,798,1352,651,1460,798
432,1,0,941,1028,897,840,986,1028
432,48,0,582,846,546,704,619,846
432,3,0,944,807,918,605,971,807
432,88,0,1047,816,1005,652,1090,816
432,91,0,1397,796,1342,653,1452,796
433,1,0,940,1028,896,840,985,1028
433,48,0,584,845,551,708,618,845
433,3,0,941,807,912,626,971,807
433,88,0,1048,820,1004,654,1092,820
433,91,0,1391,795,1336,654,1447,795
434,1,0,939,1028,895,840,984,1028
434,48,0,589,852,556,710,623,852
434,3,0,938,807,906,638,971,807
434,88,0,1043,818,999,656,1087,818
434,91,0,1387,793,1332,657,1443,793
435,1,0,938,1029,894,841,982,1029
435,48,0,592,853,559,712,625,853
435,3,0,935,808,900,642,970,808
435,88,0,1038,817,993,660,1083,817
435,91,0,1379,791,1323,661,1435,791
436,1,0,937,1029,894,840,980,1029
436,48,0,598,856,562,712,634,856
436,3,0,933,809,896,657,970,809
436,88,0,1038,819,990,663,1087,819
436,91,0,1371,792,1319,664,1423,792
436,108,0,1028,815,995,664,1061,815
437,1,0,936,1028,893,840,980,1028
437,48,0,603,860,563,711,643,860
437,3,0,932,814,893,691,971,814
437,88,0,1038,824,987,662,1090,824
437,91,0,1367,793,1316,665,1419,793
437,108,0,1024,823,992,663,1057,823
438,1,0,935,1029,892,839,979,1029
438,48,0,600,861,561,708,639,861
438,3,0,932,815,892,668,973,815
438,88,0,1037,823,985,662,1090,823
438,91,0,1363,794,1314,665,1413,794
438,108,0,1023,819,992,663,1054,819
439,1,0,935,1028,892,839,979,1028
439,48,0,599,861,560,703,639,861
439,3,0,933,818,894,672,973,818
439,88,0,1037,826,984,661,1090,826
439,91,0,1362,795,1311,664,1413,795
439,108,0,1021,822,989,662,1054,822
439,110,0,945,811,919,664,972,811
440,1,0,934,1028,892,839,977,1028
440,48,0,594,859,559,695,630,859
440,3,0,935,819,898,672,972,819
440,88,0,1038,822,985,661,1091,822
440,91,0,1360,795,1310,663,1411,795
440,108,0,1017,817,990,661,1045,817
440,110,0,945,813,920,664,971,813
441,1,0,934,1028,892,840,976,1028
441,48,0,591,860,556,685,626,860
441,3,0,936,820,901,674,972,820
441,91,0,1360,796,1310,662,1410,796
441,108,0,1017,811,994,660,1040,811
442,1,0,933,1028,891,840,975,1028
442,48,0,590,862,549,675,632,862
442,3,0,938,821,902,676,974,821
442,91,0,1355,794,1310,660,1401,794
442,108,0,1018,811,995,660,1041,811
443,1,0,933,1028,891,840,975,1028
443,48,0,587,859,542,664,633,859
443,3,0,938,820,904,681,973,820
443,91,0,1353,794,1310,658,1396,794
443,108,0,1019,811,997,661,1042,811
443,88,0,1033,815,992,657,1074,815
444,1,0,932,1028,890,840,974,1028
444,48,0,589,858,539,657,639,858
444,3,0,938,820,903,682,973,820
444,91,0,1351,794,1311,656,1392,794
444,108,0,1020,812,997,659,1043,812
444,88,0,1039,815,993,658,1086,815
445,1,0,932,1028,890,840,974,1028
445,48,0,593,864,541,656,645,864
445,3,0,936,819,900,680,972,819
445,91,0,1351,794,1312,655,1390,794
445,108,0,1021,814,996,658,1046,814
445,88,0,1040,816,993,659,1087,816
446,1,0,932,1028,891,840,974,1028
446,48,0,599,866,544,662,654,866
446,3,0,931,819,894,679,969,819
446,91,0,1350,794,1312,655,1389,794
446,108,0,1021,814,996,658,1047,814
446,88,0,1038,815,994,659,1082,815
447,1,0,932,1028,891,840,974,1028
447,48,0,602,876,546,670,658,876
447,3,0,925,821,884,677,967,821
447,91,0,1350,794,1312,654,1388,794
447,108,0,1023,815,996,656,1050,815
447,88,0,1041,816,994,659,1088,816
448,1,0,931,1028,890,840,973,1028
448,48,0,600,877,547,680,653,877
448,3,0,920,821,878,675,962,821
448,91,0,1349,795,1311,654,1387,795
448,108,0,1024,816,996,655,1053,816
448,88,0,1038,816,993,659,1083,816
449,1,0,931,1028,890,839,973,1028
449,48,0,599,878,547,685,652,878
449,3,0,915,823,872,673,958,823
449,91,0,1348,795,1311,654,1386,795
449,108,0,1024,816,995,655,1054,816
449,88,0,1037,816,992,659,1083,816
450,1,0,931,1028,890,840,972,1028
450,48,0,599,872,550,689,648,872
450,3,0,910,823,865,668,955,823
450,91,0,1348,794,1311,654,1386,794
450,108,0,1024,817,995,656,1054,817
451,1,0,931,1028,890,840,972,1028
451,48,0,599,868,554,693,644,868
451,3,0,901,825,859,666,943,825
451,91,0,1348,793,1311,655,1385,793
451,108,0,1024,817,994,656,1054,817
451,72,0,975,520,954,460,996,520
451,88,0,1036,819,992,658,1081,819
452,1,0,931,1028,891,840,972,1028
452,48,0,597,872,556,698,638,872
452,3,0,894,825,852,663,937,825
452,91,0,1348,793,1312,655,1385,793
452,108,0,1023,818,995,655,1052,818
452,72,0,975,520,954,460,996,520
452,88,0,1035,820,992,658,1078,820
453,1,0,931,1028,891,840,972,1028
453,48,0,600,878,564,704,636,878
453,3,0,885,824,840,661,930,824
453,91,0,1348,794,1312,654,1385,794
453,108,0,1022,819,994,656,1051,819
453,72,0,976,520,955,460,997,520
453,88,0,1034,824,992,658,1077,824
454,1,0,931,1028,891,839,972,1028
454,48,0,614,883,571,708,658,883
454,3,0,876,822,835,660,918,822
454,91,0,1348,794,1313,654,1384,794
454,108,0,1022,820,994,655,1051,820
454,72,0,976,520,955,460,997,520
454,88,0,1034,826,992,658,1077,826
455,1,0,931,1028,891,839,972,1028
455,48,0,618,885,574,714,663,885
455,3,0,873,822,832,658,915,822
455,91,0,1348,795,1313,654,1384,795
455,108,0,1024,824,994,658,1054,824
455,72,0,975,520,954,460,997,520
455,88,0,1040,832,993,660,1088,832
456,1,0,932,1028,891,840,973,1028
456,48,0,622,886,577,718,668,886
456,3,0,869,822,828,658,911,822
456,91,0,1348,795,1313,654,1384,795
456,108,0,1023,824,995,661,1052,824
456,72,0,975,520,954,460,997,520
456,88,0,1040,829,995,661,1086,829
457,1,0,932,1028,891,840,973,1028
457,48,0,624,887,578,719,671,887
457,3,0,863,822,826,661,900,822
457,91,0,1348,795,1313,654,1384,795
457,108,0,1025,825,997,662,1053,825
457,72,0,975,520,954,460,997,520
457,88,0,1040,829,996,662,1085,829
458,1,0,931,1028,891,839,972,1028
458,48,0,625,887,578,719,673,887
458,3,0,858,820,825,664,892,820
458,91,0,1349,796,1314,654,1384,796
458,108,0,1025,827,994,663,1056,827
458,72,0,975,520,954,460,997,520
459,1,0,932,1028,891,839,973,1028
459,48,0,625,888,577,719,673,888
459,3,0,854,820,824,669,885,820
459,91,0,1350,797,1316,654,1385,797
459,108,0,1027,828,995,664,1060,828
459,72,0,975,520,954,460,997,520
460,1,0,932,1028,891,839,973,1028
460,48,0,626,890,577,718,676,890
460,3,0,853,822,819,672,888,822
460,91,0,1351,796,1318,655,1385,796
460,108,0,1029,831,996,664,1062,831
460,72,0,976,520,955,460,997,520
461,1,0,931,1028,891,839,972,1028
461,48,0,626,891,575,718,677,891
461,3,0,847,826,810,673,885,826
461,91,0,1353,796,1320,655,1387,796
461,108,0,1029,832,995,665,1063,832
461,72,0,975,520,955,460,996,520
462,1,0,932,1028,892,839,972,1028
462,48,0,623,891,573,717,674,891
462,3,0,842,824,802,674,882,824
462,91,0,1354,797,1322,654,1387,797
462,108,0,1030,831,997,671,1063,831
462,72,0,975,520,955,460,996,520
463,1,0,932,1028,892,839,973,1028
463,48,0,624,894,572,716,676,894
463,3,0,837,823,794,674,880,823
463,91,0,1355,798,1322,654,1389,798
463,108,0,1031,833,998,678,1064,833
463,72,0,975,520,955,460,996,520
464,1,0,932,1028,892,839,973,1028
464,48,0,623,896,570,716,677,896
464,3,0,838,824,793,673,884,824
464,91,0,1356,799,1322,652,1390,799
464,108,0,1033,831,998,679,1068,831
464,72,0,975,520,955,460,996,520
464,88,0,1049,835,997,675,1101,835
465,1,0,932,1028,892,839,973,1028
465,48,0,623,898,569,717,677,898
465,3,0,837,823,793,673,881,823
465,91,0,1356,799,1322,651,1391,799
465,108,0,1033,830,999,678,1068,830
465,72,0,975,520,955,460,996,520
465,117,0,606,896,569,717,644,896
465,88,0,1049,834,999,677,1099,834
466,1,0,932,1028,892,839,973,1028
466,48,0,623,900,568,718,679,900
466,3,0,836,827,793,672,880,827
466,91,0,1357,799,1322,650,1392,799
466,108,0,1038,832,999,677,1078,832
466,72,0,975,520,954,460,996,520
466,117,0,605,898,568,718,643,898
467,1,0,933,1028,892,839,974,1028
467,3,0,833,825,792,671,875,825
467,91,0,1357,799,1323,649,1392,799
467,108,0,1042,831,1000,674,1084,831
467,72,0,975,520,954,460,996,520
467,117,0,606,900,567,720,646,900
468,1,0,933,1028,892,839,974,1028
468,3,0,829,826,789,671,869,826
468,91,0,1358,799,1325,649,1391,799
468,108,0,1042,830,1000,671,1084,830
468,72,0,975,520,954,460,996,520
468,117,0,606,903,567,722,645,903
469,1,0,933,1028,892,839,974,1028
469,3,0,819,825,781,670,857,825
469,91,0,1358,800,1326,649,1391,800
469,108,0,1041,830,1001,669,1082,830
469,72,0,975,520,954,460,996,520
469,117,0,601,905,566,725,636,905
469,48,0,618,904,566,725,670,904
470,1,0,933,1028,892,839,974,1028
470,3,0,812,825,777,669,847,825
470,91,0,1359,802,1326,648,1393,802
470,108,0,1045,831,1004,669,1086,831
470,72,0,975,520,954,460,996,520
470,117,0,596,904,562,727,630,904
471,1,0,933,1028,892,839,974,1028
471,3,0,801,825,771,668,832,825
471,91,0,1358,803,1325,649,1392,803
471,108,0,1046,831,1005,668,1088,831
471,72,0,975,519,954,460,996,519
471,117,0,592,902,558,727,626,902
471,88,0,1062,828,1033,670,1092,828
472,1,0,933,1028,892,839,974,1028
472,3,0,792,825,765,669,819,825
472,91,0,1359,804,1326,649,1392,804
472,108,0,1049,830,1010,666,1089,830
472,72,0,975,520,954,460,996,520
472,88,0,1063,827,1037,668,1090,827
472,48,0,606,904,556,728,656,904
473,1,0,933,1028,892,839,974,1028
473,3,0,785,827,761,670,810,827
473,91,0,1358,806,1326,650,1391,806
473,72,0,975,520,954,460,996,520
473,88,0,1062,825,1034,666,1090,825
473,48,0,600,905,549,729,651,905
