frame,track_id,bbox_x1,bbox_y1,bbox_x2,bbox_y2,center_x,center_y,timestamp_sec
0,3,1427,672,1511,787,1469,787,0.0
0,4,1546,740,1629,867,1587,867,0.0
0,5,896,673,983,832,939,832,0.0
1,3,1427,672,1510,787,1468,787,0.03333333333333333
1,4,1546,740,1629,867,1587,867,0.03333333333333333
1,5,896,672,982,832,939,832,0.03333333333333333
2,3,1427,672,1510,787,1468,787,0.06666666666666667
2,4,1546,740,1629,867,1587,867,0.06666666666666667
2,5,896,671,982,832,939,832,0.06666666666666667
3,3,1427,672,1510,787,1468,787,0.1
3,4,1546,740,1629,867,1587,867,0.1
3,5,896,672,981,832,938,832,0.1
4,3,1427,672,1510,787,1468,787,0.13333333333333333
4,4,1546,740,1629,867,1587,867,0.13333333333333333
4,5,896,672,981,832,938,832,0.13333333333333333
5,3,1427,672,1510,787,1468,787,0.16666666666666666
5,4,1546,740,1629,867,1587,867,0.16666666666666666
5,5,896,671,981,832,938,832,0.16666666666666666
6,3,1427,672,1510,787,1468,787,0.2
6,4,1546,740,1629,867,1587,867,0.2
6,5,896,671,980,832,938,832,0.2
7,3,1427,672,1511,787,1469,787,0.23333333333333334
7,4,1546,740,1629,867,1587,867,0.23333333333333334
7,5,896,671,980,832,938,832,0.23333333333333334
8,3,1427,672,1511,787,1469,787,0.26666666666666666
8,4,1546,740,1629,867,1587,867,0.26666666666666666
8,5,896,671,980,832,938,832,0.26666666666666666
9,3,1427,672,1511,787,1469,787,0.3
9,4,1546,740,1629,867,1587,867,0.3
9,5,896,671,980,832,938,832,0.3
10,3,1427,673,1508,787,1467,787,0.3333333333333333
10,4,1546,740,1629,866,1587,866,0.3333333333333333
10,5,896,672,991,831,943,831,0.3333333333333333
11,3,1427,673,1507,787,1467,787,0.36666666666666664
11,4,1547,740,1629,865,1588,865,0.36666666666666664
11,5,897,674,993,831,945,831,0.36666666666666664
12,3,1427,673,1507,787,1467,787,0.4
12,4,1547,740,1629,865,1588,865,0.4
12,5,896,675,992,832,944,832,0.4
13,3,1427,673,1507,787,1467,787,0.43333333333333335
13,4,1547,739,1629,865,1588,865,0.43333333333333335
13,5,896,676,991,832,943,832,0.43333333333333335
14,3,1427,673,1507,787,1467,787,0.4666666666666667
14,4,1547,739,1629,865,1588,865,0.4666666666666667
14,5,896,675,990,832,943,832,0.4666666666666667
15,3,1427,673,1506,787,1466,787,0.5
15,4,1547,740,1629,865,1588,865,0.5
15,5,897,675,992,831,944,831,0.5
16,3,1427,673,1506,787,1466,787,0.5333333333333333
16,4,1547,740,1629,865,1588,865,0.5333333333333333
16,5,897,675,992,831,944,831,0.5333333333333333
17,3,1427,673,1507,787,1467,787,0.5666666666666667
17,4,1547,740,1629,865,1588,865,0.5666666666666667
17,5,897,675,993,831,945,831,0.5666666666666667
18,3,1428,673,1506,787,1467,787,0.6
18,4,1547,740,1629,865,1588,865,0.6
18,5,897,675,993,831,945,831,0.6
19,3,1428,672,1507,787,1467,787,0.6333333333333333
19,4,1547,740,1629,865,1588,865,0.6333333333333333
19,5,897,675,993,831,945,831,0.6333333333333333
20,3,1428,672,1507,787,1467,787,0.6666666666666666
20,4,1546,739,1629,865,1587,865,0.6666666666666666
20,5,897,675,992,832,944,832,0.6666666666666666
21,3,1428,672,1507,788,1467,788,0.7
21,4,1546,739,1629,865,1587,865,0.7
21,5,897,675,993,831,945,831,0.7
22,3,1428,672,1507,788,1467,788,0.7333333333333333
22,4,1546,739,1629,865,1587,865,0.7333333333333333
22,5,897,675,993,831,945,831,0.7333333333333333
23,3,1428,672,1507,788,1467,788,0.7666666666666667
23,4,1546,739,1629,865,1587,865,0.7666666666666667
23,5,897,675,992,832,944,832,0.7666666666666667
24,3,1428,672,1507,787,1467,787,0.8
24,4,1546,739,1629,865,1587,865,0.8
24,5,896,675,992,832,944,832,0.8
25,3,1428,672,1507,788,1467,788,0.8333333333333334
25,4,1546,739,1629,865,1587,865,0.8333333333333334
25,5,897,675,992,831,944,831,0.8333333333333334
26,3,1428,672,1507,788,1467,788,0.8666666666666667
26,4,1546,739,1629,865,1587,865,0.8666666666666667
26,5,897,675,992,831,944,831,0.8666666666666667
27,3,1428,672,1507,788,1467,788,0.9
27,4,1546,739,1629,865,1587,865,0.9
27,5,897,675,993,831,945,831,0.9
28,3,1428,672,1506,788,1467,788,0.9333333333333333
28,4,1546,739,1629,865,1587,865,0.9333333333333333
28,5,897,675,994,831,945,831,0.9333333333333333
29,3,1428,672,1507,788,1467,788,0.9666666666666667
29,4,1546,739,1629,865,1587,865,0.9666666666666667
29,5,897,675,995,831,946,831,0.9666666666666667
30,3,1427,672,1507,788,1467,788,1.0
30,4,1546,739,1629,865,1587,865,1.0
30,5,897,675,995,831,946,831,1.0
31,3,1427,672,1507,788,1467,788,1.0333333333333334
31,4,1546,739,1629,865,1587,865,1.0333333333333334
31,5,897,675,995,831,946,831,1.0333333333333334
32,3,1427,672,1507,788,1467,788,1.0666666666666667
32,4,1547,739,1628,865,1587,865,1.0666666666666667
32,5,897,676,994,831,945,831,1.0666666666666667
33,3,1427,672,1507,788,1467,788,1.1
33,4,1546,738,1627,865,1586,865,1.1
33,5,897,675,994,831,945,831,1.1
34,3,1427,672,1507,788,1467,788,1.1333333333333333
34,4,1547,738,1626,865,1586,865,1.1333333333333333
34,5,897,676,992,832,944,832,1.1333333333333333
35,3,1427,671,1507,788,1467,788,1.1666666666666667
35,4,1546,737,1626,865,1586,865,1.1666666666666667
35,5,896,675,990,832,943,832,1.1666666666666667
36,3,1427,671,1507,788,1467,788,1.2
36,4,1546,736,1626,866,1586,866,1.2
36,5,897,675,991,831,944,831,1.2
37,3,1427,671,1506,788,1466,788,1.2333333333333334
37,4,1545,734,1624,865,1584,865,1.2333333333333334
37,5,897,675,992,831,944,831,1.2333333333333334
38,3,1427,671,1505,787,1466,787,1.2666666666666666
38,4,1545,732,1625,867,1585,867,1.2666666666666666
38,5,897,675,990,831,943,831,1.2666666666666666
39,3,1427,671,1504,787,1465,787,1.3
39,4,1546,731,1625,867,1585,867,1.3
39,5,897,675,991,831,944,831,1.3
40,3,1427,671,1502,787,1464,787,1.3333333333333333
40,4,1546,729,1625,867,1585,867,1.3333333333333333
40,5,897,676,990,831,943,831,1.3333333333333333
41,3,1427,671,1503,787,1465,787,1.3666666666666667
41,4,1546,727,1638,869,1592,869,1.3666666666666667
41,5,897,676,992,831,944,831,1.3666666666666667
42,3,1427,671,1502,787,1464,787,1.4
42,4,1545,725,1637,869,1591,869,1.4
42,5,896,676,990,831,943,831,1.4
43,3,1427,671,1503,787,1465,787,1.4333333333333333
43,4,1544,723,1630,869,1587,869,1.4333333333333333
43,5,896,676,990,831,943,831,1.4333333333333333
44,3,1427,671,1504,787,1465,787,1.4666666666666666
44,4,1544,719,1640,872,1592,872,1.4666666666666666
44,5,896,676,992,831,944,831,1.4666666666666666
45,3,1427,671,1504,787,1465,787,1.5
45,4,1544,715,1642,874,1593,874,1.5
45,5,896,676,993,831,944,831,1.5
45,4,1542,717,1614,870,1578,870,1.5
46,3,1426,671,1504,787,1465,787,1.5333333333333334
46,4,1544,715,1638,873,1591,873,1.5333333333333334
46,5,896,676,993,831,944,831,1.5333333333333334
46,4,1542,716,1611,866,1576,866,1.5333333333333334
47,3,1426,671,1503,787,1464,787,1.5666666666666667
47,4,1543,715,1637,874,1590,874,1.5666666666666667
47,5,897,677,992,831,944,831,1.5666666666666667
47,4,1542,715,1609,868,1575,868,1.5666666666666667
48,3,1426,671,1502,787,1464,787,1.6
48,4,1542,716,1640,875,1591,875,1.6
48,5,896,676,993,831,944,831,1.6
48,4,1541,716,1609,872,1575,872,1.6
49,3,1426,671,1501,787,1463,787,1.6333333333333333
49,4,1539,717,1642,876,1590,876,1.6333333333333333
49,5,896,676,992,831,944,831,1.6333333333333333
49,4,1538,718,1609,874,1573,874,1.6333333333333333
50,3,1427,671,1495,786,1461,786,1.6666666666666667
50,4,1539,721,1641,876,1590,876,1.6666666666666667
50,5,896,677,992,831,944,831,1.6666666666666667
50,4,1538,724,1607,874,1572,874,1.6666666666666667
51,3,1427,670,1491,785,1459,785,1.7
51,4,1534,725,1638,872,1586,872,1.7
51,5,896,677,992,831,944,831,1.7
51,4,1536,728,1607,871,1571,871,1.7
52,3,1427,670,1489,785,1458,785,1.7333333333333334
52,4,1533,730,1635,871,1584,871,1.7333333333333334
52,5,896,677,990,831,943,831,1.7333333333333334
52,4,1534,732,1605,870,1569,870,1.7333333333333334
53,3,1427,670,1492,786,1459,786,1.7666666666666666
53,4,1531,735,1632,875,1581,875,1.7666666666666666
53,5,896,677,989,831,942,831,1.7666666666666666
53,4,1532,736,1602,871,1567,871,1.7666666666666666
54,3,1428,670,1489,785,1458,785,1.8
54,4,1530,738,1627,878,1578,878,1.8
54,5,896,678,994,831,945,831,1.8
54,4,1534,741,1599,868,1566,868,1.8
55,3,1428,670,1489,785,1458,785,1.8333333333333333
55,4,1528,740,1625,877,1576,877,1.8333333333333333
55,5,896,677,997,831,946,831,1.8333333333333333
55,4,1532,743,1597,868,1564,868,1.8333333333333333
56,2,65,730,122,903,93,903,1.8666666666666667
56,3,1428,670,1491,785,1459,785,1.8666666666666667
56,4,1525,742,1622,878,1573,878,1.8666666666666667
56,5,896,678,997,831,946,831,1.8666666666666667
56,4,1530,744,1596,871,1563,871,1.8666666666666667
56,2,65,726,182,918,123,918,1.8666666666666667
57,2,71,732,118,910,94,910,1.9
57,3,1428,670,1493,786,1460,786,1.9
57,4,1524,742,1622,877,1573,877,1.9
57,5,896,678,999,831,947,831,1.9
57,4,1528,745,1596,870,1562,870,1.9
57,2,63,727,158,915,110,915,1.9
57,2,52,730,117,908,84,908,1.9
58,3,1429,671,1497,786,1463,786,1.9333333333333333
58,4,1523,742,1622,876,1572,876,1.9333333333333333
58,5,896,678,999,831,947,831,1.9333333333333333
58,4,1527,744,1595,871,1561,871,1.9333333333333333
58,2,62,729,155,912,108,912,1.9333333333333333
58,2,58,732,121,908,89,908,1.9333333333333333
59,3,1429,672,1497,786,1463,786,1.9666666666666666
59,4,1524,743,1617,873,1570,873,1.9666666666666666
59,5,896,679,997,831,946,831,1.9666666666666666
59,2,60,733,120,908,90,908,1.9666666666666666
60,3,1429,673,1495,786,1462,786,2.0
60,4,1521,743,1617,872,1569,872,2.0
60,5,896,679,994,831,945,831,2.0
60,2,73,741,130,907,101,907,2.0
60,2,68,740,152,908,110,908,2.0
61,3,1429,675,1498,787,1463,787,2.033333333333333
61,4,1519,741,1614,872,1566,872,2.033333333333333
61,5,896,680,992,831,944,831,2.033333333333333
61,2,76,746,137,909,106,909,2.033333333333333
62,3,1430,676,1499,787,1464,787,2.066666666666667
62,4,1516,738,1612,873,1564,873,2.066666666666667
62,5,896,679,991,831,943,831,2.066666666666667
62,2,79,745,141,908,110,908,2.066666666666667
63,3,1431,677,1496,784,1463,784,2.1
63,4,1512,736,1615,873,1563,873,2.1
63,5,895,678,992,831,943,831,2.1
63,2,80,744,149,909,114,909,2.1
64,3,1433,676,1498,784,1465,784,2.1333333333333333
64,4,1507,731,1616,871,1561,871,2.1333333333333333
64,5,895,678,994,831,944,831,2.1333333333333333
64,2,81,742,160,909,120,909,2.1333333333333333
65,3,1434,677,1499,785,1466,785,2.1666666666666665
65,4,1511,729,1609,869,1560,869,2.1666666666666665
65,5,895,678,994,831,944,831,2.1666666666666665
65,2,84,741,163,907,123,907,2.1666666666666665
65,4,1516,727,1582,864,1549,864,2.1666666666666665
66,3,1435,678,1499,785,1467,785,2.2
66,4,1487,726,1609,869,1548,869,2.2
66,5,895,678,994,831,944,831,2.2
66,2,87,739,182,909,134,909,2.2
67,3,1435,679,1500,786,1467,786,2.2333333333333334
67,4,1485,724,1609,868,1547,868,2.2333333333333334
67,5,895,677,996,831,945,831,2.2333333333333334
67,2,94,739,190,906,142,906,2.2333333333333334
68,3,1438,680,1498,786,1468,786,2.2666666666666666
68,4,1480,722,1609,868,1544,868,2.2666666666666666
68,5,895,677,998,831,946,831,2.2666666666666666
68,2,99,738,198,906,148,906,2.2666666666666666
69,3,1437,682,1498,788,1467,788,2.3
69,4,1482,721,1589,867,1535,867,2.3
69,5,895,676,998,831,946,831,2.3
69,2,106,738,198,905,152,905,2.3
70,3,1437,683,1497,787,1467,787,2.3333333333333335
70,4,1484,720,1596,868,1540,868,2.3333333333333335
70,5,895,678,997,831,946,831,2.3333333333333335
70,2,111,738,194,904,152,904,2.3333333333333335
71,3,1435,683,1497,788,1466,788,2.3666666666666667
71,4,1483,718,1592,867,1537,867,2.3666666666666667
71,5,896,678,997,831,946,831,2.3666666666666667
71,2,115,737,191,901,153,901,2.3666666666666667
72,3,1436,684,1497,788,1466,788,2.4
72,4,1483,720,1580,866,1531,866,2.4
72,5,896,678,995,831,945,831,2.4
72,2,131,736,192,897,161,897,2.4
73,3,1436,684,1497,789,1466,789,2.433333333333333
73,5,896,679,994,831,945,831,2.433333333333333
73,2,144,735,202,894,173,894,2.433333333333333
73,4,1492,727,1565,861,1528,861,2.433333333333333
74,3,1438,682,1495,790,1466,790,2.466666666666667
74,5,896,679,993,831,944,831,2.466666666666667
74,2,153,732,209,894,181,894,2.466666666666667
74,4,1490,728,1563,862,1526,862,2.466666666666667
75,3,1438,681,1492,791,1465,791,2.5
75,5,896,678,994,831,945,831,2.5
75,2,156,731,217,897,186,897,2.5
75,4,1487,730,1560,862,1523,862,2.5
76,3,1435,676,1490,791,1462,791,2.533333333333333
76,5,896,678,993,831,944,831,2.533333333333333
76,2,158,730,225,897,191,897,2.533333333333333
76,4,1483,733,1559,862,1521,862,2.533333333333333
77,3,1433,676,1487,791,1460,791,2.566666666666667
77,5,896,679,992,830,944,830,2.566666666666667
77,2,157,727,234,898,195,898,2.566666666666667
77,4,1482,735,1569,862,1525,862,2.566666666666667
78,3,1426,674,1485,791,1455,791,2.6
78,5,895,679,992,830,943,830,2.6
78,2,161,725,243,896,202,896,2.6
78,4,1474,737,1561,861,1517,861,2.6
79,3,1419,675,1483,788,1451,788,2.6333333333333333
79,5,895,680,993,830,944,830,2.6333333333333333
79,2,160,723,260,898,210,898,2.6333333333333333
79,4,1468,739,1567,861,1517,861,2.6333333333333333
80,3,1413,673,1481,782,1447,782,2.6666666666666665
80,5,896,680,992,830,944,830,2.6666666666666665
80,2,167,722,263,896,215,896,2.6666666666666665
80,4,1460,740,1569,861,1514,861,2.6666666666666665
81,3,1403,673,1479,768,1441,768,2.7
81,5,897,680,991,830,944,830,2.7
81,2,178,722,264,895,221,895,2.7
81,4,1453,740,1569,860,1511,860,2.7
82,3,1393,670,1477,772,1435,772,2.7333333333333334
82,5,897,681,987,830,942,830,2.7333333333333334
82,2,185,723,262,893,223,893,2.7333333333333334
82,4,1446,739,1568,859,1507,859,2.7333333333333334
83,3,1390,669,1471,777,1430,777,2.7666666666666666
83,5,897,682,979,829,938,829,2.7666666666666666
83,2,201,725,264,894,232,894,2.7666666666666666
83,4,1440,741,1567,858,1503,858,2.7666666666666666
84,3,1388,669,1470,786,1429,786,2.8
84,5,897,682,975,829,936,829,2.8
84,2,212,725,271,890,241,890,2.8
84,4,1432,741,1564,857,1498,857,2.8
85,3,1388,668,1466,788,1427,788,2.8333333333333335
85,5,898,682,978,829,938,829,2.8333333333333335
85,2,222,725,276,885,249,885,2.8333333333333335
85,4,1431,739,1565,856,1498,856,2.8333333333333335
86,3,1385,666,1469,791,1427,791,2.8666666666666667
86,5,898,682,981,829,939,829,2.8666666666666667
86,2,226,723,285,884,255,884,2.8666666666666667
86,4,1431,739,1561,856,1496,856,2.8666666666666667
87,3,1383,663,1465,793,1424,793,2.9
87,5,898,681,990,829,944,829,2.9
87,2,226,721,298,887,262,887,2.9
87,4,1430,737,1558,858,1494,858,2.9
88,3,1380,662,1461,792,1420,792,2.933333333333333
88,5,898,679,993,829,945,829,2.933333333333333
88,2,226,720,310,888,268,888,2.933333333333333
88,4,1424,733,1554,859,1489,859,2.933333333333333
89,3,1377,659,1456,794,1416,794,2.966666666666667
89,5,898,678,994,829,946,829,2.966666666666667
89,2,228,718,322,887,275,887,2.966666666666667
89,4,1421,729,1552,861,1486,861,2.966666666666667
89,2,227,720,364,887,295,887,2.966666666666667
90,3,1377,664,1453,795,1415,795,3.0
90,5,898,673,992,829,945,829,3.0
90,2,231,718,337,888,284,888,3.0
90,4,1423,724,1553,862,1488,862,3.0
91,3,1377,667,1447,797,1412,797,3.033333333333333
91,5,899,673,994,829,946,829,3.033333333333333
91,2,235,718,350,888,292,888,3.033333333333333
91,4,1428,720,1552,862,1490,862,3.033333333333333
92,3,1379,669,1438,794,1408,794,3.066666666666667
92,5,900,677,984,829,942,829,3.066666666666667
92,2,242,719,345,885,293,885,3.066666666666667
92,4,1444,712,1550,859,1497,859,3.066666666666667
93,3,1378,669,1434,797,1406,797,3.1
93,5,900,680,973,829,936,829,3.1
93,2,249,719,341,881,295,881,3.1
93,4,1460,707,1550,859,1505,859,3.1
93,2,252,723,369,882,310,882,3.1
94,3,1369,669,1434,801,1401,801,3.1333333333333333
94,5,902,682,969,830,935,830,3.1333333333333333
94,2,261,717,338,877,299,877,3.1333333333333333
94,4,1469,706,1550,858,1509,858,3.1333333333333333
94,2,265,719,360,878,312,878,3.1333333333333333
95,3,1358,669,1434,802,1396,802,3.1666666666666665
95,5,904,682,967,831,935,831,3.1666666666666665
95,2,278,716,346,874,312,874,3.1666666666666665
95,4,1474,705,1549,853,1511,853,3.1666666666666665
96,3,1347,667,1441,807,1394,807,3.2
96,5,905,679,962,832,933,832,3.2
96,2,291,715,360,873,325,873,3.2
96,4,1479,704,1548,852,1513,852,3.2
96,5,903,679,986,832,944,832,3.2
97,3,1339,667,1439,809,1389,809,3.2333333333333334
97,2,298,710,363,872,330,872,3.2333333333333334
97,4,1483,704,1554,854,1518,854,3.2333333333333334
97,5,905,676,975,831,940,831,3.2333333333333334
98,3,1333,669,1430,808,1381,808,3.2666666666666666
98,2,301,705,370,872,335,872,3.2666666666666666
98,4,1486,705,1557,854,1521,854,3.2666666666666666
98,5,906,672,976,830,941,830,3.2666666666666666
99,3,1328,672,1419,806,1373,806,3.3
99,2,305,702,374,873,339,873,3.3
99,4,1488,706,1557,854,1522,854,3.3
99,5,907,670,981,829,944,829,3.3
99,5,906,671,961,827,933,827,3.3
100,3,1325,672,1415,807,1370,807,3.3333333333333335
100,2,306,699,395,873,350,873,3.3333333333333335
100,4,1490,706,1580,857,1535,857,3.3333333333333335
100,5,908,677,959,828,933,828,3.3333333333333335
101,3,1321,676,1408,808,1364,808,3.3666666666666667
101,2,312,698,408,874,360,874,3.3666666666666667
101,4,1492,706,1581,857,1536,857,3.3666666666666667
101,5,910,679,963,832,936,832,3.3666666666666667
102,3,1316,679,1392,808,1354,808,3.4
102,2,317,695,407,873,362,873,3.4
102,4,1493,706,1569,857,1531,857,3.4
102,5,910,674,968,833,939,833,3.4
103,3,1311,682,1381,807,1346,807,3.433333333333333
103,2,319,696,410,873,364,873,3.433333333333333
103,4,1495,705,1561,854,1528,854,3.433333333333333
103,5,908,677,968,834,938,834,3.433333333333333
104,3,1308,682,1375,812,1341,812,3.466666666666667
104,2,322,698,427,873,374,873,3.466666666666667
104,4,1496,706,1560,857,1528,857,3.466666666666667
104,5,906,676,968,837,937,837,3.466666666666667
105,3,1304,682,1372,814,1338,814,3.5
105,2,326,701,438,873,382,873,3.5
105,4,1497,707,1557,858,1527,858,3.5
105,5,904,677,969,841,936,841,3.5
106,3,1303,682,1372,814,1337,814,3.533333333333333
106,2,326,703,442,873,384,873,3.533333333333333
106,4,1497,707,1558,859,1527,859,3.533333333333333
106,5,905,681,972,846,938,846,3.533333333333333
107,3,1302,682,1372,821,1337,821,3.566666666666667
107,2,335,704,444,871,389,871,3.566666666666667
107,4,1497,708,1555,858,1526,858,3.566666666666667
107,5,912,684,977,846,944,846,3.566666666666667
108,3,1304,682,1371,829,1337,829,3.6
108,2,344,703,441,867,392,867,3.6
108,4,1496,707,1553,858,1524,858,3.6
108,5,915,687,976,852,945,852,3.6
109,3,1303,683,1371,826,1337,826,3.6333333333333333
109,2,347,703,442,867,394,867,3.6333333333333333
109,4,1495,708,1551,859,1523,859,3.6333333333333333
109,5,919,689,974,855,946,855,3.6333333333333333
110,3,1300,684,1371,830,1335,830,3.6666666666666665
110,2,354,701,431,862,392,862,3.6666666666666665
110,4,1493,709,1550,859,1521,859,3.6666666666666665
110,5,919,688,975,859,947,859,3.6666666666666665
111,3,1298,683,1372,834,1335,834,3.7
111,2,355,699,445,862,400,862,3.7
111,4,1490,712,1555,862,1522,862,3.7
111,5,920,689,979,862,949,862,3.7
112,3,1296,683,1371,835,1333,835,3.7333333333333334
112,2,354,696,453,863,403,863,3.7333333333333334
112,4,1487,713,1571,870,1529,870,3.7333333333333334
112,5,921,689,984,864,952,864,3.7333333333333334
113,3,1295,684,1371,838,1333,838,3.7666666666666666
113,2,357,693,457,862,407,862,3.7666666666666666
113,4,1484,714,1576,874,1530,874,3.7666666666666666
113,5,921,689,984,865,952,865,3.7666666666666666
114,3,1293,685,1369,835,1331,835,3.8
114,2,362,691,462,862,412,862,3.8
114,4,1481,715,1578,874,1529,874,3.8
114,5,921,688,981,864,951,864,3.8
114,2,369,689,436,856,402,856,3.8
115,3,1291,688,1364,836,1327,836,3.8333333333333335
115,2,372,689,464,859,418,859,3.8333333333333335
115,4,1478,715,1578,876,1528,876,3.8333333333333335
115,5,919,689,984,864,951,864,3.8333333333333335
115,2,375,688,433,854,404,854,3.8333333333333335
116,3,1287,689,1361,835,1324,835,3.8666666666666667
116,2,377,686,463,858,420,858,3.8666666666666667
116,4,1475,714,1576,880,1525,880,3.8666666666666667
116,5,917,690,984,863,950,863,3.8666666666666667
116,2,377,688,433,853,405,853,3.8666666666666667
117,3,1285,690,1358,835,1321,835,3.9
117,2,380,686,469,861,424,861,3.9
117,4,1470,714,1574,884,1522,884,3.9
117,5,915,690,979,863,947,863,3.9
117,2,379,687,433,857,406,857,3.9
118,3,1282,690,1357,836,1319,836,3.933333333333333
118,2,382,690,472,863,427,863,3.933333333333333
118,4,1468,713,1571,885,1519,885,3.933333333333333
118,5,913,690,977,863,945,863,3.933333333333333
119,3,1280,690,1356,840,1318,840,3.966666666666667
119,2,383,691,472,863,427,863,3.966666666666667
119,4,1466,713,1566,883,1516,883,3.966666666666667
119,5,913,690,977,864,945,864,3.966666666666667
120,3,1278,692,1354,842,1316,842,4.0
120,2,383,693,472,864,427,864,4.0
120,4,1465,715,1563,883,1514,883,4.0
120,5,912,690,981,868,946,868,4.0
121,3,1273,693,1352,844,1312,844,4.033333333333333
121,2,384,693,472,863,428,863,4.033333333333333
121,4,1465,716,1560,885,1512,885,4.033333333333333
121,5,910,690,978,869,944,869,4.033333333333333
122,3,1270,695,1352,845,1311,845,4.066666666666666
122,2,384,693,474,863,429,863,4.066666666666666
122,4,1463,717,1557,888,1510,888,4.066666666666666
122,5,909,693,975,873,942,873,4.066666666666666
122,2,383,693,448,860,415,860,4.066666666666666
123,3,1268,696,1349,845,1308,845,4.1
123,2,384,693,477,864,430,864,4.1
123,4,1461,718,1554,888,1507,888,4.1
123,5,908,699,972,872,940,872,4.1
124,3,1263,699,1346,848,1304,848,4.133333333333334
124,2,385,694,477,860,431,860,4.133333333333334
124,4,1453,720,1551,885,1502,885,4.133333333333334
124,5,907,703,971,876,939,876,4.133333333333334
124,2,384,694,448,853,416,853,4.133333333333334
125,3,1260,699,1346,849,1303,849,4.166666666666667
125,2,386,694,474,857,430,857,4.166666666666667
125,4,1443,721,1547,887,1495,887,4.166666666666667
125,5,905,706,971,877,938,877,4.166666666666667
125,2,386,694,447,852,416,852,4.166666666666667
126,3,1260,697,1343,850,1301,850,4.2
126,2,387,694,476,857,431,857,4.2
126,4,1436,721,1542,889,1489,889,4.2
126,5,904,708,971,877,937,877,4.2
126,2,386,694,445,852,415,852,4.2
127,3,1261,695,1341,850,1301,850,4.233333333333333
127,2,386,693,481,858,433,858,4.233333333333333
127,4,1429,721,1539,892,1484,892,4.233333333333333
127,5,905,713,970,879,937,879,4.233333333333333
127,2,386,693,450,853,418,853,4.233333333333333
128,3,1261,696,1340,849,1300,849,4.266666666666667
128,2,387,693,480,858,433,858,4.266666666666667
128,4,1427,720,1530,890,1478,890,4.266666666666667
128,5,906,717,971,880,938,880,4.266666666666667
128,2,386,692,453,853,419,853,4.266666666666667
129,3,1261,677,1341,850,1301,850,4.3
129,2,388,694,479,858,433,858,4.3
129,4,1420,720,1521,892,1470,892,4.3
129,5,907,718,972,881,939,881,4.3
129,2,386,693,453,853,419,853,4.3
130,3,1260,683,1343,850,1301,850,4.333333333333333
130,2,390,695,477,857,433,857,4.333333333333333
130,4,1416,720,1518,893,1467,893,4.333333333333333
130,5,906,719,971,879,938,879,4.333333333333333
130,2,388,695,452,852,420,852,4.333333333333333
130,3,1263,684,1377,854,1320,854,4.333333333333333
131,3,1258,690,1341,851,1299,851,4.366666666666666
131,2,391,695,474,856,432,856,4.366666666666666
131,4,1413,724,1517,893,1465,893,4.366666666666666
131,5,906,722,971,878,938,878,4.366666666666666
131,2,388,695,449,852,418,852,4.366666666666666
131,3,1263,693,1373,854,1318,854,4.366666666666666
132,3,1259,689,1343,849,1301,849,4.4
132,2,390,695,476,854,433,854,4.4
132,4,1409,728,1513,896,1461,896,4.4
132,5,906,722,971,878,938,878,4.4
132,2,390,695,448,850,419,850,4.4
133,3,1258,675,1342,849,1300,849,4.433333333333334
133,2,390,695,478,853,434,853,4.433333333333334
133,4,1403,732,1502,894,1452,894,4.433333333333334
133,5,907,722,970,878,938,878,4.433333333333334
133,2,390,695,449,850,419,850,4.433333333333334
133,3,1261,670,1376,852,1318,852,4.433333333333334
134,3,1261,650,1341,850,1301,850,4.466666666666667
134,2,390,695,481,853,435,853,4.466666666666667
134,4,1393,732,1498,896,1445,896,4.466666666666667
134,5,907,721,969,879,938,879,4.466666666666667
134,2,391,695,449,850,420,850,4.466666666666667
135,3,1262,641,1342,850,1302,850,4.5
135,4,1384,731,1489,896,1436,896,4.5
135,5,907,721,968,879,937,879,4.5
135,2,392,694,449,849,420,849,4.5
136,3,1264,642,1342,848,1303,848,4.533333333333333
136,4,1374,733,1476,896,1425,896,4.533333333333333
136,5,906,721,968,878,937,878,4.533333333333333
136,2,393,694,449,848,421,848,4.533333333333333
137,3,1267,641,1346,847,1306,847,4.566666666666666
137,4,1349,730,1474,898,1411,898,4.566666666666666
137,5,905,723,967,879,936,879,4.566666666666666
137,2,394,693,449,846,421,846,4.566666666666666
138,3,1267,642,1348,846,1307,846,4.6
138,4,1347,729,1467,898,1407,898,4.6
138,5,905,725,967,880,936,880,4.6
138,2,394,693,448,846,421,846,4.6
139,3,1266,644,1346,847,1306,847,4.633333333333334
139,4,1339,726,1455,896,1397,896,4.633333333333334
139,5,903,729,963,882,933,882,4.633333333333334
139,2,394,694,449,846,421,846,4.633333333333334
140,3,1263,647,1346,846,1304,846,4.666666666666667
140,4,1333,725,1446,894,1389,894,4.666666666666667
140,5,902,731,961,884,931,884,4.666666666666667
140,2,395,696,476,850,435,850,4.666666666666667
141,3,1260,653,1342,843,1301,843,4.7
141,4,1330,726,1441,897,1385,897,4.7
141,5,899,735,964,883,931,883,4.7
141,2,396,698,485,851,440,851,4.7
142,3,1257,657,1337,838,1297,838,4.733333333333333
142,4,1324,724,1398,891,1361,891,4.733333333333333
142,5,896,738,966,887,931,887,4.733333333333333
142,2,397,703,489,853,443,853,4.733333333333333
143,3,1262,667,1335,840,1298,840,4.766666666666667
143,4,1319,724,1380,891,1349,891,4.766666666666667
143,5,891,741,960,886,925,886,4.766666666666667
143,2,399,703,481,849,440,849,4.766666666666667
144,5,884,744,951,887,917,887,4.8
144,2,400,705,482,848,441,848,4.8
144,3,1271,680,1400,891,1335,891,4.8
145,5,876,747,945,889,910,889,4.833333333333333
145,2,401,706,488,850,444,850,4.833333333333333
145,3,1256,683,1401,894,1328,894,4.833333333333333
145,4,1282,706,1371,891,1326,891,4.833333333333333
146,5,868,750,942,894,905,894,4.866666666666666
146,2,403,707,480,846,441,846,4.866666666666666
146,3,1253,685,1383,892,1318,892,4.866666666666666
146,4,1270,717,1377,889,1323,889,4.866666666666666
147,5,862,751,938,899,900,899,4.9
147,2,404,705,489,845,446,845,4.9
147,3,1248,685,1377,889,1312,889,4.9
147,4,1258,739,1371,890,1314,890,4.9
148,5,857,753,933,903,895,903,4.933333333333334
148,2,405,704,492,844,448,844,4.933333333333334
148,3,1245,685,1373,890,1309,890,4.933333333333334
149,5,850,754,929,905,889,905,4.966666666666667
149,2,406,704,495,845,450,845,4.966666666666667
149,3,1264,686,1368,869,1316,869,4.966666666666667
149,4,1240,725,1357,897,1298,897,4.966666666666667
150,5,841,754,928,904,884,904,5.0
150,2,410,700,500,843,455,843,5.0
150,3,1275,688,1363,858,1319,858,5.0
150,4,1233,721,1351,895,1292,895,5.0
151,5,832,757,926,904,879,904,5.033333333333333
151,2,412,696,507,842,459,842,5.033333333333333
151,3,1285,689,1358,851,1321,851,5.033333333333333
151,4,1226,722,1313,893,1269,893,5.033333333333333
152,5,815,758,918,909,866,909,5.066666666666666
152,2,413,695,513,839,463,839,5.066666666666666
152,3,1286,690,1373,860,1329,860,5.066666666666666
152,4,1217,722,1299,892,1258,892,5.066666666666666
153,5,802,760,904,902,853,902,5.1
153,2,414,692,516,838,465,838,5.1
153,3,1289,692,1365,855,1327,855,5.1
153,4,1212,717,1283,889,1247,889,5.1
154,5,788,763,894,909,841,909,5.133333333333334
154,2,415,691,518,836,466,836,5.133333333333334
154,3,1289,692,1379,853,1334,853,5.133333333333334
154,4,1206,714,1271,890,1238,890,5.133333333333334
154,4,1209,715,1309,892,1259,892,5.133333333333334
155,5,776,764,896,911,836,911,5.166666666666667
155,2,417,685,511,831,464,831,5.166666666666667
155,3,1288,693,1374,850,1331,850,5.166666666666667
155,4,1195,712,1267,893,1231,893,5.166666666666667
156,5,776,765,895,910,835,910,5.2
156,2,425,681,507,827,466,827,5.2
156,3,1287,691,1369,846,1328,846,5.2
156,4,1184,712,1263,891,1223,891,5.2
156,4,1188,712,1301,896,1244,896,5.2
157,5,767,764,893,909,830,909,5.233333333333333
157,2,431,675,501,824,466,824,5.233333333333333
157,3,1285,690,1367,844,1326,844,5.233333333333333
157,4,1172,709,1262,881,1217,881,5.233333333333333
158,5,759,762,882,909,820,909,5.266666666666667
158,2,436,672,498,821,467,821,5.266666666666667
158,3,1282,688,1369,847,1325,847,5.266666666666667
158,4,1156,709,1265,875,1210,875,5.266666666666667
159,5,750,758,874,909,812,909,5.3
159,2,442,670,497,817,469,817,5.3
159,3,1281,686,1369,846,1325,846,5.3
159,4,1145,709,1236,869,1190,869,5.3
160,5,743,755,867,906,805,906,5.333333333333333
160,2,446,670,498,814,472,814,5.333333333333333
160,3,1281,685,1369,844,1325,844,5.333333333333333
160,4,1130,713,1227,870,1178,870,5.333333333333333
160,4,1130,714,1280,892,1205,892,5.333333333333333
161,5,735,754,861,904,798,904,5.366666666666666
161,2,448,669,502,819,475,819,5.366666666666666
161,3,1280,685,1368,844,1324,844,5.366666666666666
161,4,1122,715,1261,874,1191,874,5.366666666666666
162,5,724,749,858,903,791,903,5.4
162,2,451,670,503,811,477,811,5.4
162,3,1277,684,1365,845,1321,845,5.4
162,4,1119,716,1260,891,1189,891,5.4
163,5,714,747,850,903,782,903,5.433333333333334
163,2,455,674,507,810,481,810,5.433333333333334
163,3,1274,683,1364,845,1319,845,5.433333333333334
163,4,1115,719,1250,889,1182,889,5.433333333333334
164,5,705,746,834,900,769,900,5.466666666666667
164,2,457,678,512,809,484,809,5.466666666666667
164,3,1275,684,1365,843,1320,843,5.466666666666667
164,4,1110,722,1242,887,1176,887,5.466666666666667
165,5,696,747,801,898,748,898,5.5
165,2,460,681,519,808,489,808,5.5
165,3,1274,683,1365,842,1319,842,5.5
165,4,1102,725,1236,887,1169,887,5.5
165,2,459,682,550,819,504,819,5.5
166,5,684,746,786,897,735,897,5.533333333333333
166,2,462,684,529,813,495,813,5.533333333333333
166,3,1273,682,1365,843,1319,843,5.533333333333333
166,4,1094,727,1232,888,1163,888,5.533333333333333
166,2,462,684,557,822,509,822,5.533333333333333
167,5,670,748,767,900,718,900,5.566666666666666
167,3,1271,680,1359,842,1315,842,5.566666666666666
167,2,464,688,563,819,513,819,5.566666666666666
167,4,1077,726,1161,880,1119,880,5.566666666666666
168,5,661,749,751,899,706,899,5.6
168,3,1268,679,1352,841,1310,841,5.6
168,4,1066,725,1157,877,1111,877,5.6
168,3,1269,680,1327,839,1298,839,5.6
168,2,468,691,543,814,505,814,5.6
169,5,652,748,739,901,695,901,5.633333333333334
169,4,1069,715,1153,877,1111,877,5.633333333333334
169,3,1259,681,1322,833,1290,833,5.633333333333334
169,2,472,692,554,816,513,816,5.633333333333334
170,5,641,750,744,901,692,901,5.666666666666667
170,4,1077,697,1152,877,1114,877,5.666666666666667
170,3,1247,680,1318,829,1282,829,5.666666666666667
170,2,475,693,561,814,518,814,5.666666666666667
171,5,632,750,742,903,687,903,5.7
171,4,1087,681,1151,877,1119,877,5.7
171,3,1239,680,1315,830,1277,830,5.7
171,2,476,693,565,813,520,813,5.7
172,5,624,744,740,904,682,904,5.733333333333333
172,4,1094,667,1151,878,1122,878,5.733333333333333
172,3,1231,678,1313,826,1272,826,5.733333333333333
172,2,477,692,572,813,524,813,5.733333333333333
173,5,618,740,734,904,676,904,5.766666666666667
173,4,1099,659,1154,874,1126,874,5.766666666666667
173,3,1222,677,1311,829,1266,829,5.766666666666667
173,2,477,688,581,810,529,810,5.766666666666667
174,5,614,740,729,902,671,902,5.8
174,4,1096,652,1157,867,1126,867,5.8
174,3,1218,676,1309,830,1263,830,5.8
174,2,476,685,587,810,531,810,5.8
175,5,606,734,726,902,666,902,5.833333333333333
175,4,1090,652,1163,861,1126,861,5.833333333333333
175,3,1215,676,1308,829,1261,829,5.833333333333333
175,2,476,682,587,809,531,809,5.833333333333333
176,5,597,734,716,901,656,901,5.866666666666666
176,4,1081,656,1167,855,1124,855,5.866666666666666
176,3,1212,673,1306,826,1259,826,5.866666666666666
176,2,478,680,587,808,532,808,5.866666666666666
177,5,591,732,695,900,643,900,5.9
177,4,1070,663,1168,852,1119,852,5.9
177,3,1222,674,1307,825,1264,825,5.9
177,2,477,675,586,805,531,805,5.9
178,5,581,730,685,899,633,899,5.933333333333334
178,4,1072,665,1168,851,1120,851,5.933333333333334
178,3,1224,674,1313,824,1268,824,5.933333333333334
178,2,482,670,590,801,536,801,5.933333333333334
179,5,574,727,674,900,624,900,5.966666666666667
179,4,1063,659,1166,851,1114,851,5.966666666666667
179,3,1223,675,1313,824,1268,824,5.966666666666667
179,2,491,667,590,798,540,798,5.966666666666667
180,5,564,724,661,898,612,898,6.0
180,4,1058,652,1163,846,1110,846,6.0
180,3,1213,673,1319,826,1266,826,6.0
180,2,511,665,585,795,548,795,6.0
181,5,556,726,647,898,601,898,6.033333333333333
181,4,1059,663,1160,847,1109,847,6.033333333333333
181,3,1204,671,1318,828,1261,828,6.033333333333333
181,2,526,665,585,796,555,796,6.033333333333333
182,5,544,728,636,896,590,896,6.066666666666666
182,4,1060,670,1158,848,1109,848,6.066666666666666
182,3,1203,670,1318,828,1260,828,6.066666666666666
182,2,536,666,633,894,584,894,6.066666666666666
183,5,537,688,610,893,573,893,6.1
183,4,1078,659,1158,849,1118,849,6.1
183,3,1204,668,1316,828,1260,828,6.1
183,2,537,665,632,899,584,899,6.1
184,4,1072,669,1153,854,1112,854,6.133333333333334
184,3,1205,667,1317,827,1261,827,6.133333333333334
184,2,531,667,634,899,582,899,6.133333333333334
185,4,1072,676,1152,858,1112,858,6.166666666666667
185,3,1207,667,1314,824,1260,824,6.166666666666667
185,2,550,667,628,804,589,804,6.166666666666667
185,5,517,729,579,892,548,892,6.166666666666667
186,4,1073,685,1153,862,1113,862,6.2
186,3,1209,666,1315,824,1262,824,6.2
186,2,554,669,637,805,595,805,6.2
186,5,510,766,559,890,534,890,6.2
187,4,1073,692,1157,870,1115,870,6.233333333333333
187,3,1212,665,1292,821,1252,821,6.233333333333333
187,2,557,672,639,804,598,804,6.233333333333333
187,5,497,756,564,892,530,892,6.233333333333333
188,4,1070,699,1162,873,1116,873,6.266666666666667
188,3,1219,662,1279,818,1249,818,6.266666666666667
188,2,560,675,639,804,599,804,6.266666666666667
188,5,490,757,560,895,525,895,6.266666666666667
189,4,1067,705,1164,877,1115,877,6.3
189,3,1223,661,1274,814,1248,814,6.3
189,2,564,676,645,803,604,803,6.3
189,5,484,753,556,894,520,894,6.3
190,4,1072,712,1170,878,1121,878,6.333333333333333
190,3,1222,661,1272,813,1247,813,6.333333333333333
190,2,562,676,644,802,603,802,6.333333333333333
190,5,476,754,551,891,513,891,6.333333333333333
191,4,1079,718,1167,878,1123,878,6.366666666666666
191,3,1223,660,1270,813,1246,813,6.366666666666666
191,2,561,677,643,800,602,800,6.366666666666666
191,5,473,752,545,889,509,889,6.366666666666666
192,4,1082,719,1164,877,1123,877,6.4
192,3,1223,660,1269,814,1246,814,6.4
192,2,562,672,643,800,602,800,6.4
192,5,468,750,538,888,503,888,6.4
193,4,1084,719,1154,877,1119,877,6.433333333333334
193,3,1223,659,1268,814,1245,814,6.433333333333334
193,2,560,667,646,801,603,801,6.433333333333334
193,5,463,749,529,883,496,883,6.433333333333334
194,4,1085,719,1149,878,1117,878,6.466666666666667
194,3,1223,659,1267,815,1245,815,6.466666666666667
194,2,559,667,652,801,605,801,6.466666666666667
194,5,460,747,522,887,491,887,6.466666666666667
195,4,1085,717,1148,877,1116,877,6.5
195,3,1225,659,1267,815,1246,815,6.5
195,2,566,659,652,799,609,799,6.5
195,5,458,743,516,885,487,885,6.5
196,4,1086,712,1153,877,1119,877,6.533333333333333
196,3,1227,659,1267,815,1247,815,6.533333333333333
196,2,567,657,653,800,610,800,6.533333333333333
196,5,454,738,516,880,485,880,6.533333333333333
197,4,1087,710,1156,876,1121,876,6.566666666666666
197,3,1227,659,1267,816,1247,816,6.566666666666666
197,2,579,655,651,800,615,800,6.566666666666666
197,5,448,734,512,886,480,886,6.566666666666666
198,4,1088,709,1159,875,1123,875,6.6
198,3,1228,659,1268,816,1248,816,6.6
198,2,585,655,652,801,618,801,6.6
198,5,442,722,506,884,474,884,6.6
199,4,1088,706,1160,874,1124,874,6.633333333333334
199,3,1228,659,1269,816,1248,816,6.633333333333334
199,2,590,655,655,802,622,802,6.633333333333334
199,5,437,725,498,890,467,890,6.633333333333334
200,4,1091,705,1158,872,1124,872,6.666666666666667
200,3,1228,658,1271,815,1249,815,6.666666666666667
200,2,593,654,665,804,629,804,6.666666666666667
200,5,432,725,497,896,464,896,6.666666666666667
201,4,1098,704,1158,873,1128,873,6.7
201,3,1228,658,1273,815,1250,815,6.7
201,2,596,656,666,802,631,802,6.7
201,5,423,721,492,899,457,899,6.7
201,5,425,722,525,903,475,903,6.7
202,4,1100,706,1154,874,1127,874,6.733333333333333
202,3,1229,657,1276,813,1252,813,6.733333333333333
202,2,599,660,682,806,640,806,6.733333333333333
202,5,414,712,481,900,447,900,6.733333333333333
202,5,416,712,518,903,467,903,6.733333333333333
203,4,1099,707,1152,876,1125,876,6.766666666666667
203,3,1228,656,1278,811,1253,811,6.766666666666667
203,2,604,668,688,809,646,809,6.766666666666667
203,5,403,703,477,901,440,901,6.766666666666667
204,4,1092,708,1151,881,1121,881,6.8
204,3,1227,657,1281,809,1254,809,6.8
204,2,610,673,694,810,652,810,6.8
204,5,393,697,470,895,431,895,6.8
204,4,1091,708,1178,885,1134,885,6.8
204,5,394,696,501,904,447,904,6.8
205,4,1087,711,1158,882,1122,882,6.833333333333333
205,3,1227,657,1282,806,1254,806,6.833333333333333
205,2,613,674,697,810,655,810,6.833333333333333
205,4,1088,711,1190,885,1139,885,6.833333333333333
205,5,386,693,490,903,438,903,6.833333333333333
206,4,1085,712,1160,883,1122,883,6.866666666666666
206,3,1227,656,1285,805,1256,805,6.866666666666666
206,2,618,677,702,809,660,809,6.866666666666666
206,4,1086,712,1197,886,1141,886,6.866666666666666
206,5,378,696,486,902,432,902,6.866666666666666
207,4,1085,713,1154,883,1119,883,6.9
207,3,1227,657,1286,804,1256,804,6.9
207,2,622,678,705,811,663,811,6.9
207,4,1083,714,1187,886,1135,886,6.9
207,5,366,711,483,902,424,902,6.9
207,5,382,729,473,900,427,900,6.9
208,4,1083,714,1152,883,1117,883,6.933333333333334
208,3,1229,656,1289,803,1259,803,6.933333333333334
208,2,623,678,707,811,665,811,6.933333333333334
208,4,1081,715,1190,887,1135,887,6.933333333333334
208,5,358,724,487,907,422,907,6.933333333333334
208,5,383,741,482,904,432,904,6.933333333333334
209,4,1080,714,1154,883,1117,883,6.966666666666667
209,3,1231,657,1291,803,1261,803,6.966666666666667
209,2,626,678,710,811,668,811,6.966666666666667
209,4,1080,715,1191,890,1135,890,6.966666666666667
209,5,351,729,484,907,417,907,6.966666666666667
209,5,375,745,473,902,424,902,6.966666666666667
210,4,1078,714,1159,884,1118,884,7.0
210,3,1234,657,1293,803,1263,803,7.0
210,2,627,679,715,812,671,812,7.0
210,5,341,732,477,904,409,904,7.0
210,5,371,751,469,900,420,900,7.0
211,3,1237,656,1299,804,1268,804,7.033333333333333
211,2,626,679,718,813,672,813,7.033333333333333
211,5,368,753,463,898,415,898,7.033333333333333
211,4,1075,712,1179,890,1127,890,7.033333333333333
212,3,1238,656,1302,803,1270,803,7.066666666666666
212,2,625,680,718,811,671,811,7.066666666666666
212,5,374,751,457,897,415,897,7.066666666666666
212,4,1073,713,1160,886,1116,886,7.066666666666666
213,3,1238,656,1306,803,1272,803,7.1
213,2,620,682,714,811,667,811,7.1
213,5,379,751,462,899,420,899,7.1
213,4,1071,712,1154,882,1112,882,7.1
214,3,1237,656,1306,804,1271,804,7.133333333333334
214,2,614,682,709,810,661,810,7.133333333333334
214,5,383,744,460,901,421,901,7.133333333333334
214,4,1068,711,1148,880,1108,880,7.133333333333334
215,3,1237,657,1307,804,1272,804,7.166666666666667
215,2,610,681,704,810,657,810,7.166666666666667
215,5,387,739,458,900,422,900,7.166666666666667
215,4,1066,711,1143,880,1104,880,7.166666666666667
216,3,1237,658,1309,805,1273,805,7.2
216,2,613,681,700,814,656,814,7.2
216,5,386,734,458,899,422,899,7.2
216,4,1062,709,1142,881,1102,881,7.2
216,2,614,683,728,822,671,822,7.2
217,3,1240,658,1312,805,1276,805,7.233333333333333
217,2,615,682,698,815,656,815,7.233333333333333
217,5,387,731,460,898,423,898,7.233333333333333
217,4,1059,708,1141,884,1100,884,7.233333333333333
218,3,1251,657,1314,804,1282,804,7.266666666666667
218,5,388,728,464,899,426,899,7.266666666666667
218,4,1057,709,1139,885,1098,885,7.266666666666667
218,2,615,681,721,822,668,822,7.266666666666667
219,3,1261,659,1316,804,1288,804,7.3
219,5,393,728,468,898,430,898,7.3
219,4,1057,710,1124,883,1090,883,7.3
219,2,614,679,721,823,667,823,7.3
220,3,1266,659,1321,804,1293,804,7.333333333333333
220,5,396,728,476,898,436,898,7.333333333333333
220,4,1052,709,1114,883,1083,883,7.333333333333333
220,2,614,677,726,826,670,826,7.333333333333333
221,3,1273,658,1325,807,1299,807,7.366666666666666
221,5,400,724,484,898,442,898,7.366666666666666
221,4,1045,709,1105,884,1075,884,7.366666666666666
221,2,614,676,729,826,671,826,7.366666666666666
221,4,1043,718,1149,891,1096,891,7.366666666666666
222,3,1280,656,1330,805,1305,805,7.4
222,5,406,722,490,897,448,897,7.4
222,4,1039,709,1101,884,1070,884,7.4
222,2,615,676,730,830,672,830,7.4
223,3,1288,656,1333,802,1310,802,7.433333333333334
223,5,412,722,494,898,453,898,7.433333333333334
223,4,1035,707,1100,885,1067,885,7.433333333333334
223,2,616,676,726,829,671,829,7.433333333333334
224,3,1294,655,1338,801,1316,801,7.466666666666667
224,5,417,722,497,899,457,899,7.466666666666667
224,4,1033,707,1100,885,1066,885,7.466666666666667
224,2,615,678,718,829,666,829,7.466666666666667
225,3,1294,654,1346,802,1320,802,7.5
225,5,422,721,501,904,461,904,7.5
225,4,1027,705,1101,886,1064,886,7.5
225,2,611,680,722,831,666,831,7.5
226,3,1294,654,1354,803,1324,803,7.533333333333333
226,5,426,723,503,903,464,903,7.533333333333333
226,4,1024,703,1106,890,1065,890,7.533333333333333
226,2,608,682,727,838,667,838,7.533333333333333
227,3,1293,655,1360,802,1326,802,7.566666666666666
227,5,428,725,505,904,466,904,7.566666666666666
227,4,1023,703,1102,889,1062,889,7.566666666666666
227,2,605,684,726,835,665,835,7.566666666666666
228,3,1292,655,1367,803,1329,803,7.6
228,5,431,724,504,901,467,901,7.6
228,4,1022,705,1098,888,1060,888,7.6
228,2,601,684,722,834,661,834,7.6
229,3,1294,656,1371,804,1332,804,7.633333333333334
229,5,432,726,504,902,468,902,7.633333333333334
229,4,1023,709,1097,892,1060,892,7.633333333333334
229,2,598,684,722,840,660,840,7.633333333333334
230,3,1296,658,1373,805,1334,805,7.666666666666667
230,5,435,727,504,907,469,907,7.666666666666667
230,4,1021,707,1095,891,1058,891,7.666666666666667
230,2,595,684,721,843,658,843,7.666666666666667
230,5,436,728,537,914,486,914,7.666666666666667
231,3,1299,659,1377,805,1338,805,7.7
231,5,438,727,501,907,469,907,7.7
231,4,1015,709,1086,891,1050,891,7.7
231,2,593,684,712,847,652,847,7.7
231,4,1018,706,1123,897,1070,897,7.7
232,3,1309,661,1377,806,1343,806,7.733333333333333
232,5,442,729,498,906,470,906,7.733333333333333
232,4,1011,709,1083,890,1047,890,7.733333333333333
232,2,589,684,706,847,647,847,7.733333333333333
232,4,1016,705,1116,895,1066,895,7.733333333333333
233,3,1317,661,1379,806,1348,806,7.766666666666667
233,5,445,728,495,906,470,906,7.766666666666667
233,4,1008,710,1085,893,1046,893,7.766666666666667
233,2,587,685,698,846,642,846,7.766666666666667
233,4,1012,707,1119,897,1065,897,7.766666666666667
234,3,1323,660,1382,805,1352,805,7.8
234,5,446,727,496,904,471,904,7.8
234,4,1009,711,1078,889,1043,889,7.8
234,2,584,688,691,846,637,846,7.8
234,4,1013,707,1121,894,1067,894,7.8
235,3,1328,659,1383,806,1355,806,7.833333333333333
235,5,448,728,501,904,474,904,7.833333333333333
235,4,1008,710,1072,889,1040,889,7.833333333333333
235,2,583,690,686,846,634,846,7.833333333333333
235,4,1011,707,1114,895,1062,895,7.833333333333333
236,3,1334,658,1385,805,1359,805,7.866666666666666
236,5,450,728,506,904,478,904,7.866666666666666
236,4,1008,709,1069,889,1038,889,7.866666666666666
236,2,585,691,679,853,632,853,7.866666666666666
236,4,1010,706,1106,894,1058,894,7.866666666666666
237,3,1340,658,1387,803,1363,803,7.9
237,5,450,728,511,903,480,903,7.9
237,4,1006,708,1066,888,1036,888,7.9
237,2,585,692,676,854,630,854,7.9
237,4,1009,706,1104,893,1056,893,7.9
238,3,1342,657,1387,802,1364,802,7.933333333333334
238,5,452,728,514,904,483,904,7.933333333333334
238,4,1004,708,1062,889,1033,889,7.933333333333334
238,2,586,693,677,855,631,855,7.933333333333334
239,3,1344,657,1391,803,1367,803,7.966666666666667
239,5,452,729,517,906,484,906,7.966666666666667
239,4,1003,711,1060,890,1031,890,7.966666666666667
239,2,586,696,683,857,634,857,7.966666666666667
240,3,1345,657,1395,803,1370,803,8.0
240,5,454,729,522,906,488,906,8.0
240,4,1003,712,1059,898,1031,898,8.0
240,2,588,701,673,860,630,860,8.0
240,3,1346,656,1420,804,1383,804,8.0
241,5,453,730,524,907,488,907,8.033333333333333
241,4,1003,713,1057,901,1030,901,8.033333333333333
241,2,589,701,672,862,630,862,8.033333333333333
241,3,1346,656,1416,803,1381,803,8.033333333333333
242,5,454,729,526,908,490,908,8.066666666666666
242,4,1004,714,1057,901,1030,901,8.066666666666666
242,2,592,703,670,861,631,861,8.066666666666666
242,3,1345,655,1408,801,1376,801,8.066666666666666
242,2,593,703,706,869,649,869,8.066666666666666
243,5,457,730,527,908,492,908,8.1
243,4,1006,717,1057,902,1031,902,8.1
243,2,595,706,670,860,632,860,8.1
243,3,1349,657,1412,801,1380,801,8.1
244,5,462,730,527,908,494,908,8.133333333333333
244,4,1006,718,1057,901,1031,901,8.133333333333333
244,3,1352,656,1421,800,1386,800,8.133333333333333
244,2,601,714,694,869,647,869,8.133333333333333
245,5,466,726,529,909,497,909,8.166666666666666
245,4,1007,720,1056,901,1031,901,8.166666666666666
245,3,1353,656,1429,801,1391,801,8.166666666666666
245,2,604,718,705,876,654,876,8.166666666666666
246,5,472,727,529,908,500,908,8.2
246,4,1005,720,1056,901,1030,901,8.2
246,3,1353,657,1433,802,1393,802,8.2
246,2,605,719,705,879,655,879,8.2
247,5,479,729,532,905,505,905,8.233333333333333
247,4,1005,720,1056,902,1030,902,8.233333333333333
247,3,1354,657,1435,802,1394,802,8.233333333333333
247,2,607,723,707,882,657,882,8.233333333333333
248,5,487,730,540,902,513,902,8.266666666666667
248,4,1005,721,1056,902,1030,902,8.266666666666667
248,3,1355,659,1436,803,1395,803,8.266666666666667
248,2,608,725,706,887,657,887,8.266666666666667
249,5,490,732,546,901,518,901,8.3
249,4,1005,721,1057,903,1031,903,8.3
249,3,1354,658,1443,803,1398,803,8.3
249,2,609,727,704,884,656,884,8.3
250,5,490,732,556,903,523,903,8.333333333333334
250,4,1003,721,1059,903,1031,903,8.333333333333334
250,3,1356,659,1436,801,1396,801,8.333333333333334
250,2,610,730,697,883,653,883,8.333333333333334
251,5,490,734,565,907,527,907,8.366666666666667
251,4,1002,721,1062,903,1032,903,8.366666666666667
251,3,1360,658,1446,800,1403,800,8.366666666666667
251,2,611,735,695,883,653,883,8.366666666666667
251,3,1362,658,1422,799,1392,799,8.366666666666667
252,5,490,735,577,908,533,908,8.4
252,4,1000,721,1065,903,1032,903,8.4
252,2,612,736,694,882,653,882,8.4
252,3,1365,658,1423,798,1394,798,8.4
253,5,490,737,588,910,539,910,8.433333333333334
253,4,1000,721,1068,903,1034,903,8.433333333333334
253,2,612,737,695,879,653,879,8.433333333333334
253,3,1368,658,1423,796,1395,796,8.433333333333334
254,5,491,741,594,910,542,910,8.466666666666667
254,4,999,721,1071,903,1035,903,8.466666666666667
254,2,613,737,690,876,651,876,8.466666666666667
254,3,1369,658,1425,795,1397,795,8.466666666666667
255,5,493,742,603,909,548,909,8.5
255,4,999,723,1076,904,1037,904,8.5
255,2,613,737,704,881,658,881,8.5
255,3,1369,658,1424,795,1396,795,8.5
256,5,496,741,610,910,553,910,8.533333333333333
256,4,999,723,1078,904,1038,904,8.533333333333333
256,2,613,728,696,880,654,880,8.533333333333333
256,3,1370,657,1425,794,1397,794,8.533333333333333
257,5,503,744,603,906,553,906,8.566666666666666
257,4,999,722,1078,904,1038,904,8.566666666666666
257,2,613,729,709,883,661,883,8.566666666666666
257,3,1370,657,1425,793,1397,793,8.566666666666666
257,2,611,729,687,878,649,878,8.566666666666666
258,5,513,746,620,906,566,906,8.6
258,4,999,723,1078,901,1038,901,8.6
258,2,616,720,715,886,665,886,8.6
258,3,1370,657,1426,791,1398,791,8.6
258,2,617,718,686,878,651,878,8.6
259,5,531,745,633,905,582,905,8.633333333333333
259,4,999,723,1080,903,1039,903,8.633333333333333
259,2,619,726,715,888,667,888,8.633333333333333
259,3,1370,656,1428,791,1399,791,8.633333333333333
259,2,619,725,687,879,653,879,8.633333333333333
260,5,543,745,628,904,585,904,8.666666666666666
260,4,999,723,1082,904,1040,904,8.666666666666666
260,2,620,725,711,885,665,885,8.666666666666666
260,3,1371,656,1429,790,1400,790,8.666666666666666
260,2,620,726,686,876,653,876,8.666666666666666
260,4,1001,721,1113,914,1057,914,8.666666666666666
261,5,547,745,635,906,591,906,8.7
261,4,1000,725,1081,902,1040,902,8.7
261,3,1372,655,1429,789,1400,789,8.7
261,2,625,724,687,874,656,874,8.7
262,5,549,744,639,908,594,908,8.733333333333333
262,4,1000,724,1081,904,1040,904,8.733333333333333
262,3,1373,655,1429,788,1401,788,8.733333333333333
262,2,635,722,686,873,660,873,8.733333333333333
262,4,1001,722,1109,912,1055,912,8.733333333333333
263,5,551,742,645,910,598,910,8.766666666666667
263,4,1001,724,1081,906,1041,906,8.766666666666667
263,3,1374,655,1429,788,1401,788,8.766666666666667
263,2,630,719,686,876,658,876,8.766666666666667
263,4,1002,721,1109,915,1055,915,8.766666666666667
264,5,553,743,650,909,601,909,8.8
264,4,1001,724,1081,906,1041,906,8.8
264,3,1375,655,1429,789,1402,789,8.8
264,2,627,714,687,877,657,877,8.8
264,4,1002,721,1110,916,1056,916,8.8
265,5,559,740,670,908,614,908,8.833333333333334
265,4,1001,722,1084,913,1042,913,8.833333333333334
265,3,1373,655,1427,789,1400,789,8.833333333333334
265,2,627,713,692,892,659,892,8.833333333333334
265,2,563,716,708,906,635,906,8.833333333333334
266,4,1001,720,1087,914,1044,914,8.866666666666667
266,3,1372,655,1425,788,1398,788,8.866666666666667
266,2,614,716,695,901,654,901,8.866666666666667
266,2,560,716,702,909,631,909,8.866666666666667
267,4,1001,719,1095,916,1048,916,8.9
267,3,1368,654,1421,787,1394,787,8.9
267,2,616,717,698,905,657,905,8.9
267,2,571,716,701,909,636,909,8.9
268,4,1003,719,1095,912,1049,912,8.933333333333334
268,3,1366,653,1418,788,1392,788,8.933333333333334
268,2,619,716,707,907,663,907,8.933333333333334
268,2,593,726,699,909,646,909,8.933333333333334
268,3,1364,652,1449,793,1406,793,8.933333333333334
269,4,1005,721,1096,912,1050,912,8.966666666666667
269,3,1363,652,1417,788,1390,788,8.966666666666667
269,2,613,716,713,910,663,910,8.966666666666667
269,3,1362,652,1447,793,1404,793,8.966666666666667
270,4,1008,723,1099,910,1053,910,9.0
270,3,1360,652,1415,787,1387,787,9.0
270,2,620,715,716,909,668,909,9.0
271,4,1011,727,1089,889,1050,889,9.033333333333333
271,3,1356,650,1415,787,1385,787,9.033333333333333
271,2,625,712,710,904,667,904,9.033333333333333
271,4,1011,725,1115,910,1063,910,9.033333333333333
272,3,1351,650,1423,791,1387,791,9.066666666666666
272,2,627,709,706,901,666,901,9.066666666666666
272,2,625,707,689,866,657,866,9.066666666666666
272,4,1017,726,1123,914,1070,914,9.066666666666666
272,5,644,729,721,907,682,907,9.066666666666666
273,3,1347,650,1420,793,1383,793,9.1
273,2,624,702,680,870,652,870,9.1
273,4,1021,725,1125,915,1073,915,9.1
273,5,651,731,735,909,693,909,9.1
273,3,1345,649,1450,795,1397,795,9.1
274,3,1344,649,1419,793,1381,793,9.133333333333333
274,2,623,702,679,868,651,868,9.133333333333333
274,4,1022,725,1125,914,1073,914,9.133333333333333
274,5,657,735,746,907,701,907,9.133333333333333
274,3,1345,648,1448,794,1396,794,9.133333333333333
275,3,1341,648,1419,795,1380,795,9.166666666666666
275,2,621,703,689,874,655,874,9.166666666666666
275,4,1026,737,1122,915,1074,915,9.166666666666666
275,5,666,735,771,908,718,908,9.166666666666666
275,3,1344,647,1449,794,1396,794,9.166666666666666
276,3,1339,648,1415,790,1377,790,9.2
276,2,619,702,687,868,653,868,9.2
276,4,1033,743,1122,911,1077,911,9.2
276,5,676,736,786,907,731,907,9.2
276,3,1341,647,1447,792,1394,792,9.2
276,2,621,703,706,896,663,896,9.2
277,3,1339,649,1412,784,1375,784,9.233333333333333
277,2,617,701,686,864,651,864,9.233333333333333
277,4,1035,745,1133,914,1084,914,9.233333333333333
277,5,685,738,804,915,744,915,9.233333333333333
277,3,1340,648,1445,788,1392,788,9.233333333333333
278,3,1340,650,1409,778,1374,778,9.266666666666667
278,2,615,700,685,863,650,863,9.266666666666667
278,4,1043,743,1143,912,1093,912,9.266666666666667
278,5,685,741,807,915,746,915,9.266666666666667
279,3,1339,653,1408,777,1373,777,9.3
279,2,613,698,683,861,648,861,9.3
279,4,1041,747,1154,911,1097,911,9.3
279,5,697,747,801,906,749,906,9.3
280,3,1339,656,1406,778,1372,778,9.333333333333334
280,2,612,695,684,860,648,860,9.333333333333334
280,4,1041,746,1165,909,1103,909,9.333333333333334
280,5,707,750,802,899,754,899,9.333333333333334
281,3,1338,656,1405,777,1371,777,9.366666666666667
281,2,611,693,685,858,648,858,9.366666666666667
281,4,1046,745,1177,910,1111,910,9.366666666666667
281,5,716,752,805,897,760,897,9.366666666666667
282,3,1338,655,1414,782,1376,782,9.4
282,2,611,692,687,856,649,856,9.4
282,4,1053,745,1182,905,1117,905,9.4
282,5,735,753,811,904,773,904,9.4
283,3,1336,656,1409,780,1372,780,9.433333333333334
283,2,612,691,699,856,655,856,9.433333333333334
283,4,1070,745,1181,913,1125,913,9.433333333333334
283,5,751,751,816,901,783,901,9.433333333333334
283,3,1336,654,1428,786,1382,786,9.433333333333334
284,3,1335,657,1406,779,1370,779,9.466666666666667
284,2,613,690,710,856,661,856,9.466666666666667
284,4,1080,744,1186,913,1133,913,9.466666666666667
284,5,758,747,830,902,794,902,9.466666666666667
284,3,1336,656,1429,785,1382,785,9.466666666666667
285,2,615,690,715,857,665,857,9.5
285,4,1089,744,1191,912,1140,912,9.5
285,5,765,743,848,904,806,904,9.5
285,3,1336,659,1428,786,1382,786,9.5
286,2,617,689,714,857,665,857,9.533333333333333
286,4,1099,742,1193,909,1146,909,9.533333333333333
286,5,769,737,857,902,813,902,9.533333333333333
286,3,1334,657,1427,787,1380,787,9.533333333333333
287,2,617,689,714,857,665,857,9.566666666666666
287,4,1102,741,1196,909,1149,909,9.566666666666666
287,5,773,728,854,899,813,899,9.566666666666666
287,3,1334,658,1423,788,1378,788,9.566666666666666
288,2,619,689,712,854,665,854,9.6
288,4,1103,740,1201,910,1152,910,9.6
288,5,775,713,848,897,811,897,9.6
288,3,1333,658,1423,788,1378,788,9.6
289,2,621,689,710,852,665,852,9.633333333333333
289,4,1107,738,1210,912,1158,912,9.633333333333333
289,5,776,709,838,896,807,896,9.633333333333333
289,3,1332,658,1422,788,1377,788,9.633333333333333
290,2,623,688,707,850,665,850,9.666666666666666
290,4,1112,736,1217,908,1164,908,9.666666666666666
290,5,777,691,835,898,806,898,9.666666666666666
290,3,1332,657,1422,788,1377,788,9.666666666666666
291,2,625,685,701,848,663,848,9.7
291,4,1141,733,1224,906,1182,906,9.7
291,5,778,686,837,898,807,898,9.7
291,3,1332,656,1421,788,1376,788,9.7
292,2,626,683,699,846,662,846,9.733333333333333
292,4,1165,732,1236,906,1200,906,9.733333333333333
292,5,779,682,840,896,809,896,9.733333333333333
292,3,1332,655,1424,790,1378,790,9.733333333333333
293,2,626,680,700,845,663,845,9.766666666666667
293,4,1180,731,1247,900,1213,900,9.766666666666667
293,5,779,681,845,893,812,893,9.766666666666667
293,3,1332,653,1426,789,1379,789,9.766666666666667
294,2,627,680,705,843,666,843,9.8
294,4,1190,729,1258,898,1224,898,9.8
294,5,778,678,853,884,815,884,9.8
294,3,1332,652,1428,791,1380,791,9.8
295,2,627,680,704,844,665,844,9.833333333333334
295,4,1194,727,1267,897,1230,897,9.833333333333334
295,5,780,675,867,872,823,872,9.833333333333334
295,3,1333,652,1430,792,1381,792,9.833333333333334
295,3,1332,653,1409,780,1370,780,9.833333333333334
296,2,627,679,703,844,665,844,9.866666666666667
296,4,1198,724,1293,900,1245,900,9.866666666666667
296,5,786,671,877,861,831,861,9.866666666666667
296,3,1332,652,1414,785,1373,785,9.866666666666667
297,2,627,680,705,844,666,844,9.9
297,4,1205,723,1311,894,1258,894,9.9
297,5,793,650,884,867,838,867,9.9
297,3,1332,653,1406,782,1369,782,9.9
298,2,626,679,704,845,665,845,9.933333333333334
298,4,1207,723,1325,895,1266,895,9.933333333333334
298,5,798,642,888,885,843,885,9.933333333333334
298,3,1331,654,1405,781,1368,781,9.933333333333334
299,2,627,679,703,846,665,846,9.966666666666667
299,4,1211,722,1336,893,1273,893,9.966666666666667
299,5,800,651,889,865,844,865,9.966666666666667
299,3,1331,655,1408,781,1369,781,9.966666666666667
300,2,627,679,702,846,664,846,10.0
300,4,1234,723,1345,894,1289,894,10.0
300,5,803,649,890,858,846,858,10.0
300,3,1328,655,1425,790,1376,790,10.0
301,2,628,678,701,843,664,843,10.033333333333333
301,4,1252,726,1361,898,1306,898,10.033333333333333
301,5,807,646,890,860,848,860,10.033333333333333
301,3,1328,657,1424,791,1376,791,10.033333333333333
302,2,629,678,700,842,664,842,10.066666666666666
302,4,1267,728,1358,896,1312,896,10.066666666666666
302,5,810,646,894,863,852,863,10.066666666666666
302,3,1331,661,1426,794,1378,794,10.066666666666666
303,2,629,679,699,843,664,843,10.1
303,4,1279,732,1359,898,1319,898,10.1
303,5,817,644,895,864,856,864,10.1
303,3,1334,665,1424,794,1379,794,10.1
304,2,629,679,698,843,663,843,10.133333333333333
304,4,1292,733,1363,896,1327,896,10.133333333333333
304,5,820,647,891,869,855,869,10.133333333333333
304,3,1337,670,1424,795,1380,795,10.133333333333333
305,2,628,678,695,842,661,842,10.166666666666666
305,4,1305,736,1375,892,1340,892,10.166666666666666
305,5,817,658,889,877,853,877,10.166666666666666
305,3,1340,672,1423,796,1381,796,10.166666666666666
306,2,627,679,692,840,659,840,10.2
306,4,1316,735,1383,881,1349,881,10.2
306,5,820,673,894,881,857,881,10.2
306,3,1338,672,1424,793,1381,793,10.2
307,2,626,678,691,842,658,842,10.233333333333333
307,4,1327,734,1393,878,1360,878,10.233333333333333
307,5,820,688,902,885,861,885,10.233333333333333
307,3,1348,672,1420,793,1384,793,10.233333333333333
307,5,822,692,935,894,878,894,10.233333333333333
308,2,625,677,691,843,658,843,10.266666666666667
308,4,1329,691,1431,888,1380,888,10.266666666666667
308,5,827,705,904,886,865,886,10.266666666666667
308,3,1349,670,1431,803,1390,803,10.266666666666667
309,2,624,676,690,842,657,842,10.3
309,4,1330,674,1445,890,1387,890,10.3
309,5,831,714,909,889,870,889,10.3
310,2,624,675,688,839,656,839,10.333333333333334
310,4,1333,665,1455,891,1394,891,10.333333333333334
310,5,835,717,911,891,873,891,10.333333333333334
311,2,623,674,686,837,654,837,10.366666666666667
311,4,1344,662,1473,894,1408,894,10.366666666666667
311,5,838,716,911,892,874,892,10.366666666666667
311,5,836,713,942,892,889,892,10.366666666666667
312,2,622,673,686,838,654,838,10.4
312,4,1355,659,1477,896,1416,896,10.4
312,5,839,712,921,890,880,890,10.4
312,5,841,709,911,887,876,887,10.4
313,2,621,674,686,837,653,837,10.433333333333334
313,4,1366,697,1470,897,1418,897,10.433333333333334
313,5,844,709,934,888,889,888,10.433333333333334
313,5,842,706,900,885,871,885,10.433333333333334
314,2,620,674,685,838,652,838,10.466666666666667
314,4,1379,711,1470,895,1424,895,10.466666666666667
314,5,847,706,937,887,892,887,10.466666666666667
314,5,844,703,896,885,870,885,10.466666666666667
314,3,1362,663,1431,788,1396,788,10.466666666666667
315,2,619,674,690,840,654,840,10.5
315,4,1389,713,1472,896,1430,896,10.5
315,5,848,700,937,888,892,888,10.5
315,5,844,698,899,883,871,883,10.5
315,3,1364,658,1437,789,1400,789,10.5
316,2,617,675,688,841,652,841,10.533333333333333
316,4,1401,714,1484,893,1442,893,10.533333333333333
316,5,846,697,928,883,887,883,10.533333333333333
316,5,844,695,897,879,870,879,10.533333333333333
316,3,1366,642,1439,791,1402,791,10.533333333333333
317,2,616,675,685,840,650,840,10.566666666666666
317,4,1412,713,1481,892,1446,892,10.566666666666666
317,5,844,694,936,882,890,882,10.566666666666666
317,5,844,694,896,877,870,877,10.566666666666666
317,3,1366,650,1438,793,1402,793,10.566666666666666
318,2,614,674,682,841,648,841,10.6
318,4,1426,712,1484,891,1455,891,10.6
318,5,842,694,936,881,889,881,10.6
318,5,841,693,897,876,869,876,10.6
318,3,1366,653,1441,795,1403,795,10.6
319,2,613,674,682,841,647,841,10.633333333333333
319,4,1434,712,1492,890,1463,890,10.633333333333333
319,5,840,694,900,875,870,875,10.633333333333333
319,3,1368,656,1443,794,1405,794,10.633333333333333
320,2,612,673,682,841,647,841,10.666666666666666
320,4,1443,713,1502,890,1472,890,10.666666666666666
320,5,837,696,904,875,870,875,10.666666666666666
320,3,1371,659,1450,795,1410,795,10.666666666666666
320,3,1373,661,1424,794,1398,794,10.666666666666666
321,2,611,673,681,841,646,841,10.7
321,4,1449,712,1510,892,1479,892,10.7
321,5,836,700,906,874,871,874,10.7
321,3,1375,662,1451,796,1413,796,10.7
321,3,1376,668,1423,795,1399,795,10.7
322,2,611,672,681,841,646,841,10.733333333333333
322,4,1455,715,1522,892,1488,892,10.733333333333333
322,5,835,704,910,874,872,874,10.733333333333333
322,3,1380,665,1457,802,1418,802,10.733333333333333
322,3,1380,669,1424,800,1402,800,10.733333333333333
323,2,610,672,675,839,642,839,10.766666666666667
323,4,1459,721,1526,891,1492,891,10.766666666666667
323,5,834,708,912,874,873,874,10.766666666666667
323,3,1382,668,1462,804,1422,804,10.766666666666667
323,3,1382,671,1427,802,1404,802,10.766666666666667
324,2,610,673,671,836,640,836,10.8
324,4,1465,728,1532,893,1498,893,10.8
324,5,832,710,918,875,875,875,10.8
324,3,1388,670,1465,813,1426,813,10.8
324,3,1387,671,1436,807,1411,807,10.8
325,2,609,673,668,833,638,833,10.833333333333334
325,4,1470,731,1536,893,1503,893,10.833333333333334
325,5,832,713,922,876,877,876,10.833333333333334
325,3,1389,669,1468,815,1428,815,10.833333333333334
325,3,1389,671,1444,805,1416,805,10.833333333333334
325,4,1458,729,1554,892,1506,892,10.833333333333334
326,2,609,674,667,832,638,832,10.866666666666667
326,4,1472,736,1540,891,1506,891,10.866666666666667
326,5,833,714,925,877,879,877,10.866666666666667
326,3,1389,674,1448,805,1418,805,10.866666666666667
327,2,609,674,667,831,638,831,10.9
327,4,1480,739,1546,892,1513,892,10.9
327,5,834,717,926,877,880,877,10.9
327,3,1389,677,1448,806,1418,806,10.9
328,2,609,675,666,832,637,832,10.933333333333334
328,5,834,717,932,877,883,877,10.933333333333334
328,3,1387,677,1448,806,1417,806,10.933333333333334
328,4,1458,738,1557,898,1507,898,10.933333333333334
329,2,609,676,666,833,637,833,10.966666666666667
329,5,834,716,932,878,883,878,10.966666666666667
329,3,1386,679,1448,806,1417,806,10.966666666666667
329,4,1450,741,1565,900,1507,900,10.966666666666667
330,2,610,676,667,833,638,833,11.0
330,5,837,714,933,878,885,878,11.0
330,3,1388,679,1449,806,1418,806,11.0
330,4,1430,742,1578,903,1504,903,11.0
330,4,1476,742,1580,900,1528,900,11.0
331,2,610,678,667,832,638,832,11.033333333333333
331,5,839,711,935,878,887,878,11.033333333333333
331,3,1390,679,1449,807,1419,807,11.033333333333333
331,4,1488,742,1587,904,1537,904,11.033333333333333
332,2,610,681,668,834,639,834,11.066666666666666
332,5,842,711,937,878,889,878,11.066666666666666
332,3,1395,679,1449,811,1422,811,11.066666666666666
332,4,1500,743,1594,908,1547,908,11.066666666666666
333,2,610,681,669,835,639,835,11.1
333,5,845,710,937,878,891,878,11.1
333,3,1399,678,1449,816,1424,816,11.1
333,4,1505,743,1597,909,1551,909,11.1
333,4,1506,744,1561,904,1533,904,11.1
333,5,872,711,939,872,905,872,11.1
334,2,609,682,667,835,638,835,11.133333333333333
334,3,1402,676,1450,816,1426,816,11.133333333333333
334,4,1507,744,1600,913,1553,913,11.133333333333333
334,5,870,707,939,873,904,873,11.133333333333333
335,2,609,682,668,835,638,835,11.166666666666666
335,3,1404,674,1451,812,1427,812,11.166666666666666
335,4,1507,746,1602,914,1554,914,11.166666666666666
335,5,877,707,939,871,908,871,11.166666666666666
336,2,608,682,666,835,637,835,11.2
336,3,1406,674,1452,810,1429,810,11.2
336,4,1505,748,1604,913,1554,913,11.2
336,5,875,707,940,870,907,870,11.2
337,2,606,681,663,833,634,833,11.233333333333333
337,3,1408,677,1453,810,1430,810,11.233333333333333
337,4,1499,748,1607,913,1553,913,11.233333333333333
337,5,878,708,940,873,909,873,11.233333333333333
338,2,603,680,664,836,633,836,11.266666666666667
338,3,1408,676,1456,812,1432,812,11.266666666666667
338,4,1501,748,1603,913,1552,913,11.266666666666667
338,5,882,707,943,877,912,877,11.266666666666667
338,2,601,680,686,841,643,841,11.266666666666667
339,2,599,680,660,834,629,834,11.3
339,3,1408,676,1458,811,1433,811,11.3
339,4,1504,746,1601,915,1552,915,11.3
339,5,887,708,946,874,916,874,11.3
339,2,597,680,685,841,641,841,11.3
340,3,1408,677,1464,816,1436,816,11.333333333333334
340,4,1498,743,1613,920,1555,920,11.333333333333334
340,5,893,709,955,874,924,874,11.333333333333334
340,2,595,680,680,841,637,841,11.333333333333334
341,3,1408,675,1468,812,1438,812,11.366666666666667
341,4,1502,742,1612,923,1557,923,11.366666666666667
341,5,896,712,960,879,928,879,11.366666666666667
341,2,593,680,681,842,637,842,11.366666666666667
342,3,1407,673,1474,809,1440,809,11.4
342,4,1506,739,1608,925,1557,925,11.4
342,5,898,712,964,879,931,879,11.4
342,2,592,680,677,843,634,843,11.4
343,3,1407,670,1484,811,1445,811,11.433333333333334
343,4,1493,737,1604,927,1548,927,11.433333333333334
343,5,899,711,967,876,933,876,11.433333333333334
343,2,589,678,668,842,628,842,11.433333333333334
344,3,1408,671,1492,808,1450,808,11.466666666666667
344,5,900,710,969,874,934,874,11.466666666666667
344,2,587,676,662,840,624,840,11.466666666666667
345,3,1409,668,1497,807,1453,807,11.5
345,4,1496,739,1599,928,1547,928,11.5
345,5,902,710,970,876,936,876,11.5
345,2,586,673,667,840,626,840,11.5
346,3,1409,667,1498,806,1453,806,11.533333333333333
346,4,1493,741,1601,928,1547,928,11.533333333333333
346,5,904,712,971,877,937,877,11.533333333333333
346,2,584,673,669,839,626,839,11.533333333333333
346,2,585,673,648,831,616,831,11.533333333333333
347,3,1413,664,1499,802,1456,802,11.566666666666666
347,5,906,712,971,876,938,876,11.566666666666666
347,2,582,673,642,827,612,827,11.566666666666666
348,3,1413,661,1502,798,1457,798,11.6
348,5,908,714,971,878,939,878,11.6
348,2,579,673,639,824,609,824,11.6
348,2,579,673,667,835,623,835,11.6
349,3,1416,657,1504,800,1460,800,11.633333333333333
349,5,909,714,972,878,940,878,11.633333333333333
349,2,576,672,635,825,605,825,11.633333333333333
349,2,578,672,661,833,619,833,11.633333333333333
350,3,1427,656,1508,798,1467,798,11.666666666666666
350,4,1499,746,1571,928,1535,928,11.666666666666666
350,5,909,713,972,881,940,881,11.666666666666666
350,2,574,672,638,830,606,830,11.666666666666666
350,2,575,672,662,837,618,837,11.666666666666666
351,3,1442,655,1509,795,1475,795,11.7
351,4,1501,746,1567,928,1534,928,11.7
351,5,910,714,973,882,941,882,11.7
351,2,570,671,634,831,602,831,11.7
352,3,1462,655,1512,793,1487,793,11.733333333333333
352,4,1492,749,1567,926,1529,926,11.733333333333333
352,5,911,720,972,883,941,883,11.733333333333333
352,2,564,671,633,831,598,831,11.733333333333333
353,3,1473,654,1520,793,1496,793,11.766666666666667
353,4,1490,758,1563,926,1526,926,11.766666666666667
353,5,912,717,975,883,943,883,11.766666666666667
353,2,557,671,629,829,593,829,11.766666666666667
354,3,1480,652,1534,798,1507,798,11.8
354,5,913,719,974,882,943,882,11.8
354,2,550,670,629,835,589,835,11.8
355,3,1484,654,1537,812,1510,812,11.833333333333334
355,4,1483,763,1566,926,1524,926,11.833333333333334
355,5,912,724,972,880,942,880,11.833333333333334
355,2,547,672,628,832,587,832,11.833333333333334
356,4,1481,691,1559,928,1520,928,11.866666666666667
356,5,910,723,972,879,941,879,11.866666666666667
356,2,543,671,633,834,588,834,11.866666666666667
357,4,1479,668,1547,928,1513,928,11.9
357,5,909,717,985,880,947,880,11.9
357,2,540,671,636,835,588,835,11.9
358,4,1474,717,1539,925,1506,925,11.933333333333334
358,5,908,715,988,882,948,882,11.933333333333334
358,2,538,672,628,834,583,834,11.933333333333334
359,4,1469,740,1534,924,1501,924,11.966666666666667
359,5,907,714,991,884,949,884,11.966666666666667
359,2,537,672,622,834,579,834,11.966666666666667
360,4,1465,741,1530,924,1497,924,12.0
360,5,902,719,982,884,942,884,12.0
360,2,538,672,615,830,576,830,12.0
360,3,1502,666,1556,792,1529,792,12.0
361,4,1457,749,1528,926,1492,926,12.033333333333333
361,5,898,716,986,885,942,885,12.033333333333333
361,2,537,671,611,830,574,830,12.033333333333333
361,3,1504,668,1574,796,1539,796,12.033333333333333
362,4,1452,753,1525,927,1488,927,12.066666666666666
362,5,896,716,986,884,941,884,12.066666666666666
362,2,537,671,606,832,571,832,12.066666666666666
362,3,1506,670,1577,795,1541,795,12.066666666666666
363,4,1448,755,1522,928,1485,928,12.1
363,5,893,715,986,885,939,885,12.1
363,2,537,673,599,828,568,828,12.1
363,3,1510,671,1571,794,1540,794,12.1
363,2,538,674,626,836,582,836,12.1
364,5,893,715,986,885,939,885,12.133333333333333
364,2,537,672,593,823,565,823,12.133333333333333
364,3,1511,669,1566,790,1538,790,12.133333333333333
365,5,892,716,988,886,940,886,12.166666666666666
365,2,536,672,587,822,561,822,12.166666666666666
365,3,1510,664,1567,789,1538,789,12.166666666666666
366,5,892,720,979,886,935,886,12.2
366,2,532,673,583,821,557,821,12.2
366,3,1510,661,1569,790,1539,790,12.2
367,5,892,721,976,886,934,886,12.233333333333333
367,2,529,672,576,823,552,823,12.233333333333333
367,3,1510,653,1572,789,1541,789,12.233333333333333
368,5,891,724,974,887,932,887,12.266666666666667
368,2,525,673,572,826,548,826,12.266666666666667
368,3,1510,652,1576,788,1543,788,12.266666666666667
369,5,891,723,973,888,932,888,12.3
369,2,519,672,571,827,545,827,12.3
369,3,1510,644,1578,789,1544,789,12.3
370,5,891,718,981,888,936,888,12.333333333333334
370,2,512,671,574,829,543,829,12.333333333333334
370,3,1509,643,1579,790,1544,790,12.333333333333334
371,5,890,715,981,887,935,887,12.366666666666667
371,2,508,669,577,829,542,829,12.366666666666667
371,3,1510,638,1580,790,1545,790,12.366666666666667
372,5,890,714,983,886,936,886,12.4
372,2,503,669,578,832,540,832,12.4
372,3,1511,633,1584,790,1547,790,12.4
373,5,890,713,981,885,935,885,12.433333333333334
373,2,500,673,579,834,539,834,12.433333333333334
373,3,1513,631,1587,789,1550,789,12.433333333333334
374,5,890,712,979,885,934,885,12.466666666666667
374,2,499,675,584,837,541,837,12.466666666666667
374,3,1515,630,1589,789,1552,789,12.466666666666667
375,5,890,711,976,885,933,885,12.5
375,2,498,678,584,837,541,837,12.5
375,3,1518,628,1592,788,1555,788,12.5
376,5,891,711,976,885,933,885,12.533333333333333
376,2,498,678,577,835,537,835,12.533333333333333
376,3,1521,627,1594,787,1557,787,12.533333333333333
377,5,891,710,974,885,932,885,12.566666666666666
377,2,498,679,572,834,535,834,12.566666666666666
377,3,1523,629,1596,787,1559,787,12.566666666666666
378,5,891,711,972,888,931,888,12.6
378,2,498,677,566,833,532,833,12.6
378,3,1526,627,1601,786,1563,786,12.6
379,4,1332,742,1460,928,1396,928,12.633333333333333
379,5,891,714,972,888,931,888,12.633333333333333
379,2,497,677,565,833,531,833,12.633333333333333
379,3,1527,631,1605,792,1566,792,12.633333333333333
380,4,1320,742,1449,926,1384,926,12.666666666666666
380,5,893,715,972,889,932,889,12.666666666666666
380,2,497,677,564,832,530,832,12.666666666666666
380,3,1534,634,1626,798,1580,798,12.666666666666666
381,4,1317,742,1443,925,1380,925,12.7
381,5,895,718,972,894,933,894,12.7
381,2,497,677,560,829,528,829,12.7
381,3,1541,637,1641,802,1591,802,12.7
382,4,1310,741,1422,921,1366,921,12.733333333333333
382,5,897,721,972,895,934,895,12.733333333333333
382,2,498,676,553,827,525,827,12.733333333333333
382,3,1548,644,1648,803,1598,803,12.733333333333333
383,4,1306,743,1398,919,1352,919,12.766666666666667
383,5,899,724,969,894,934,894,12.766666666666667
383,2,497,677,550,827,523,827,12.766666666666667
383,3,1552,651,1648,802,1600,802,12.766666666666667
384,4,1307,742,1382,921,1344,921,12.8
384,5,900,727,968,894,934,894,12.8
384,2,496,677,548,828,522,828,12.8
384,3,1556,656,1649,800,1602,800,12.8
385,4,1295,742,1371,919,1333,919,12.833333333333334
385,5,899,728,967,893,933,893,12.833333333333334
385,2,494,677,548,829,521,829,12.833333333333334
385,3,1557,658,1645,798,1601,798,12.833333333333334
386,4,1283,742,1368,915,1325,915,12.866666666666667
386,5,899,729,967,892,933,892,12.866666666666667
386,2,489,678,547,830,518,830,12.866666666666667
386,3,1557,659,1648,799,1602,799,12.866666666666667
387,4,1275,742,1364,918,1319,918,12.9
387,5,899,729,967,892,933,892,12.9
387,2,488,679,547,831,517,831,12.9
387,3,1556,661,1650,799,1603,799,12.9
388,4,1264,740,1362,916,1313,916,12.933333333333334
388,5,898,729,965,891,931,891,12.933333333333334
388,2,488,679,547,829,517,829,12.933333333333334
388,3,1555,660,1648,799,1601,799,12.933333333333334
389,4,1249,737,1366,917,1307,917,12.966666666666667
389,5,899,728,963,890,931,890,12.966666666666667
389,2,488,679,547,827,517,827,12.966666666666667
389,3,1554,658,1647,797,1600,797,12.966666666666667
390,4,1236,735,1368,921,1302,921,13.0
390,5,900,728,963,889,931,889,13.0
390,2,488,679,548,826,518,826,13.0
390,3,1552,656,1648,798,1600,798,13.0
391,4,1228,734,1362,921,1295,921,13.033333333333333
391,5,899,726,961,889,930,889,13.033333333333333
391,2,488,678,547,825,517,825,13.033333333333333
391,3,1551,655,1648,798,1599,798,13.033333333333333
392,4,1217,731,1353,916,1285,916,13.066666666666666
392,5,897,725,961,887,929,887,13.066666666666666
392,2,490,677,548,825,519,825,13.066666666666666
392,3,1552,651,1648,798,1600,798,13.066666666666666
393,4,1206,731,1328,908,1267,908,13.1
393,5,898,725,960,878,929,878,13.1
393,2,493,675,549,824,521,824,13.1
393,3,1553,648,1649,798,1601,798,13.1
394,4,1203,729,1314,902,1258,902,13.133333333333333
394,5,901,723,961,873,931,873,13.133333333333333
394,2,494,674,548,823,521,823,13.133333333333333
394,3,1553,645,1643,795,1598,795,13.133333333333333
395,4,1201,732,1300,899,1250,899,13.166666666666666
395,5,901,721,963,868,932,868,13.166666666666666
395,2,495,671,550,825,522,825,13.166666666666666
395,3,1553,645,1639,795,1596,795,13.166666666666666
396,4,1177,734,1273,895,1225,895,13.2
396,5,902,719,963,863,932,863,13.2
396,2,496,670,551,822,523,822,13.2
396,3,1550,644,1628,791,1589,791,13.2
397,4,1158,731,1272,892,1215,892,13.233333333333333
397,5,902,717,961,862,931,862,13.233333333333333
397,2,496,667,550,819,523,819,13.233333333333333
397,3,1544,643,1610,786,1577,786,13.233333333333333
398,4,1144,727,1254,891,1199,891,13.266666666666667
398,5,903,716,960,864,931,864,13.266666666666667
398,2,498,664,549,815,523,815,13.266666666666667
398,3,1542,640,1601,782,1571,782,13.266666666666667
399,4,1133,725,1253,892,1193,892,13.3
399,5,904,713,959,864,931,864,13.3
399,2,500,661,549,813,524,813,13.3
399,3,1534,641,1594,782,1564,782,13.3
400,4,1128,720,1251,893,1189,893,13.333333333333334
400,5,903,710,962,866,932,866,13.333333333333334
400,2,501,659,552,811,526,811,13.333333333333334
400,3,1528,641,1587,784,1557,784,13.333333333333334
401,4,1125,714,1252,891,1188,891,13.366666666666667
401,5,905,708,965,870,935,870,13.366666666666667
401,2,502,657,557,816,529,816,13.366666666666667
401,3,1521,641,1582,782,1551,782,13.366666666666667
402,4,1114,710,1252,891,1183,891,13.4
402,5,905,704,968,872,936,872,13.4
402,2,503,660,553,812,528,812,13.4
402,3,1511,642,1581,782,1546,782,13.4
402,2,504,661,579,815,541,815,13.4
403,4,1106,704,1253,891,1179,891,13.433333333333334
403,5,906,701,968,872,937,872,13.433333333333334
403,2,504,661,553,814,528,814,13.433333333333334
403,3,1505,643,1578,781,1541,781,13.433333333333334
403,2,504,660,592,819,548,819,13.433333333333334
404,4,1105,699,1250,885,1177,885,13.466666666666667
404,5,906,699,971,872,938,872,13.466666666666667
404,2,504,665,552,812,528,812,13.466666666666667
404,3,1497,644,1577,781,1537,781,13.466666666666667
404,2,504,665,590,819,547,819,13.466666666666667
405,4,1118,697,1242,881,1180,881,13.5
405,5,907,697,972,872,939,872,13.5
405,2,505,667,556,813,530,813,13.5
405,3,1491,645,1576,782,1533,782,13.5
405,2,505,668,589,818,547,818,13.5
406,4,1126,700,1237,864,1181,864,13.533333333333333
406,5,907,696,971,869,939,869,13.533333333333333
406,2,504,671,558,813,531,813,13.533333333333333
406,3,1487,645,1575,784,1531,784,13.533333333333333
406,2,504,672,586,816,545,816,13.533333333333333
407,4,1127,699,1221,855,1174,855,13.566666666666666
407,5,909,695,973,854,941,854,13.566666666666666
407,3,1482,645,1576,785,1529,785,13.566666666666666
407,2,504,676,581,815,542,815,13.566666666666666
408,4,1124,698,1208,848,1166,848,13.6
408,5,911,698,969,847,940,847,13.6
408,3,1479,645,1574,784,1526,784,13.6
408,2,506,681,580,813,543,813,13.6
409,4,1116,700,1193,850,1154,850,13.633333333333333
409,5,913,700,971,853,942,853,13.633333333333333
409,3,1476,644,1578,785,1527,785,13.633333333333333
409,2,506,685,583,810,544,810,13.633333333333333
410,4,1111,701,1175,848,1143,848,13.666666666666666
410,5,914,701,972,853,943,853,13.666666666666666
410,3,1477,645,1579,786,1528,786,13.666666666666666
410,2,503,689,585,812,544,812,13.666666666666666
411,4,1106,704,1160,842,1133,842,13.7
411,5,914,703,972,848,943,848,13.7
411,3,1481,646,1582,787,1531,787,13.7
411,2,499,693,586,813,542,813,13.7
412,4,1091,703,1155,846,1123,846,13.733333333333333
412,5,914,707,975,851,944,851,13.733333333333333
412,3,1478,645,1579,784,1528,784,13.733333333333333
412,2,495,695,589,816,542,816,13.733333333333333
413,4,1085,701,1146,845,1115,845,13.766666666666667
413,5,914,713,977,845,945,845,13.766666666666667
413,3,1479,646,1574,782,1526,782,13.766666666666667
413,2,493,698,589,816,541,816,13.766666666666667
413,4,1085,702,1183,850,1134,850,13.766666666666667
414,4,1082,701,1142,845,1112,845,13.8
414,5,913,713,977,845,945,845,13.8
414,3,1475,648,1569,784,1522,784,13.8
414,2,490,700,588,816,539,816,13.8
414,4,1076,702,1185,851,1130,851,13.8
415,4,1072,688,1141,845,1106,845,13.833333333333334
415,5,913,713,978,844,945,844,13.833333333333334
415,3,1476,650,1566,789,1521,789,13.833333333333334
415,2,490,702,584,816,537,816,13.833333333333334
415,4,1071,686,1178,850,1124,850,13.833333333333334
416,4,1067,668,1135,842,1101,842,13.866666666666667
416,5,914,709,975,840,944,840,13.866666666666667
416,3,1473,653,1565,791,1519,791,13.866666666666667
416,2,494,702,576,817,535,817,13.866666666666667
416,4,1070,664,1178,847,1124,847,13.866666666666667
417,4,1067,656,1139,844,1103,844,13.9
417,5,917,704,979,845,948,845,13.9
417,3,1466,654,1554,791,1510,791,13.9
417,2,501,700,577,815,539,815,13.9
417,4,1070,653,1180,848,1125,848,13.9
418,4,1064,646,1140,845,1102,845,13.933333333333334
418,5,918,699,980,849,949,849,13.933333333333334
418,3,1460,655,1546,789,1503,789,13.933333333333334
418,2,509,697,584,819,546,819,13.933333333333334
419,4,1061,642,1140,844,1100,844,13.966666666666667
419,5,918,696,978,840,948,840,13.966666666666667
419,3,1453,655,1540,788,1496,788,13.966666666666667
419,2,514,696,593,824,553,824,13.966666666666667
419,2,516,695,575,822,545,822,13.966666666666667
419,4,1064,636,1182,847,1123,847,13.966666666666667
420,4,1057,641,1142,844,1099,844,14.0
420,5,919,680,979,841,949,841,14.0
420,3,1445,656,1537,789,1491,789,14.0
420,2,517,695,597,828,557,828,14.0
420,2,519,694,577,825,548,825,14.0
420,4,1060,634,1181,848,1120,848,14.0
421,4,1041,641,1139,838,1090,838,14.033333333333333
421,5,921,675,979,868,950,868,14.033333333333333
421,3,1436,654,1531,789,1483,789,14.033333333333333
421,2,520,694,585,825,552,825,14.033333333333333
422,4,1019,632,1137,820,1078,820,14.066666666666666
422,5,925,659,978,844,951,844,14.066666666666666
422,3,1434,655,1526,791,1480,791,14.066666666666666
422,2,522,693,590,818,556,818,14.066666666666666
422,5,926,650,1002,901,964,901,14.066666666666666
423,4,1019,626,1130,810,1074,810,14.1
423,5,928,651,983,833,955,833,14.1
423,3,1432,654,1521,790,1476,790,14.1
423,2,522,688,594,818,558,818,14.1
423,4,1050,627,1132,809,1091,809,14.1
424,4,999,625,1121,802,1060,802,14.133333333333333
424,5,926,645,979,829,952,829,14.133333333333333
424,3,1424,655,1508,789,1466,789,14.133333333333333
424,2,523,684,599,817,561,817,14.133333333333333
424,4,1043,624,1119,800,1081,800,14.133333333333333
425,4,994,626,1111,800,1052,800,14.166666666666666
425,5,926,641,973,825,949,825,14.166666666666666
425,3,1413,654,1501,790,1457,790,14.166666666666666
425,2,525,682,607,819,566,819,14.166666666666666
425,4,1040,626,1110,799,1075,799,14.166666666666666
425,3,1415,653,1473,787,1444,787,14.166666666666666
426,5,924,637,971,821,947,821,14.2
426,2,525,681,611,818,568,818,14.2
426,4,1036,629,1096,799,1066,799,14.2
426,3,1404,651,1476,792,1440,792,14.2
427,5,926,633,969,815,947,815,14.233333333333333
427,2,525,680,614,823,569,823,14.233333333333333
427,4,1032,632,1086,798,1059,798,14.233333333333333
427,3,1395,652,1463,791,1429,791,14.233333333333333
427,3,1396,652,1494,798,1445,798,14.233333333333333
428,5,926,629,968,810,947,810,14.266666666666667
428,2,527,682,614,822,570,822,14.266666666666667
428,4,1029,635,1081,802,1055,802,14.266666666666667
428,3,1383,651,1480,796,1431,796,14.266666666666667
429,5,926,628,967,804,946,804,14.3
429,2,526,684,616,827,571,827,14.3
429,4,1019,637,1080,802,1049,802,14.3
429,3,1374,650,1466,793,1420,793,14.3
430,5,926,624,966,802,946,802,14.333333333333334
430,4,1018,638,1079,805,1048,805,14.333333333333334
430,3,1369,651,1462,795,1415,795,14.333333333333334
430,2,536,690,615,838,575,838,14.333333333333334
431,5,924,624,968,803,946,803,14.366666666666667
431,4,1016,642,1079,809,1047,809,14.366666666666667
431,3,1358,651,1466,797,1412,797,14.366666666666667
431,2,540,693,619,842,579,842,14.366666666666667
432,5,921,626,970,805,945,805,14.4
432,4,1011,642,1079,806,1045,806,14.4
432,3,1352,652,1464,799,1408,799,14.4
432,2,542,698,623,844,582,844,14.4
433,5,916,626,971,804,943,804,14.433333333333334
433,4,1004,648,1079,808,1041,808,14.433333333333334
433,3,1340,654,1460,799,1400,799,14.433333333333334
433,2,544,702,634,848,589,848,14.433333333333334
434,5,911,629,972,807,941,807,14.466666666666667
434,4,998,647,1080,814,1039,814,14.466666666666667
434,3,1335,654,1449,796,1392,796,14.466666666666667
434,2,548,707,625,851,586,851,14.466666666666667
435,5,905,635,973,809,939,809,14.5
435,4,996,652,1079,818,1037,818,14.5
435,3,1331,656,1442,794,1386,794,14.5
435,2,556,711,628,850,592,850,14.5
436,5,900,632,973,810,936,810,14.533333333333333
436,4,993,660,1073,818,1033,818,14.533333333333333
436,3,1324,659,1434,792,1379,792,14.533333333333333
436,2,561,712,634,853,597,853,14.533333333333333
437,5,895,650,973,811,934,811,14.566666666666666
437,4,989,666,1069,815,1029,815,14.566666666666666
437,3,1319,662,1426,791,1372,791,14.566666666666666
437,2,562,711,638,855,600,855,14.566666666666666
438,5,891,646,973,815,932,815,14.6
438,4,987,662,1070,817,1028,817,14.6
438,3,1315,663,1419,793,1367,793,14.6
438,2,562,710,641,862,601,862,14.6
439,5,890,649,973,816,931,816,14.633333333333333
439,4,987,662,1056,811,1021,811,14.633333333333333
439,3,1312,663,1416,793,1364,793,14.633333333333333
439,2,561,709,640,863,600,863,14.633333333333333
439,5,889,725,971,819,930,819,14.633333333333333
439,3,1317,662,1392,790,1354,790,14.633333333333333
440,5,893,675,971,821,932,821,14.666666666666666
440,4,983,661,1051,809,1017,809,14.666666666666666
440,3,1311,663,1413,793,1362,793,14.666666666666666
440,2,559,703,641,868,600,868,14.666666666666666
440,5,895,725,971,826,933,826,14.666666666666666
440,3,1312,663,1379,789,1345,789,14.666666666666666
441,5,900,668,975,820,937,820,14.7
441,4,981,658,1044,809,1012,809,14.7
441,3,1310,661,1410,794,1360,794,14.7
441,2,557,696,645,868,601,868,14.7
441,3,1310,662,1381,790,1345,790,14.7
442,5,905,666,976,818,940,818,14.733333333333333
442,4,985,661,1042,807,1013,807,14.733333333333333
442,3,1309,660,1408,794,1358,794,14.733333333333333
442,2,554,686,649,866,601,866,14.733333333333333
442,2,553,683,621,862,587,862,14.733333333333333
443,5,907,676,974,822,940,822,14.766666666666667
443,4,985,664,1044,808,1014,808,14.766666666666667
443,3,1308,658,1404,795,1356,795,14.766666666666667
443,2,548,674,653,873,600,873,14.766666666666667
443,2,544,673,625,864,584,864,14.766666666666667
444,5,905,670,974,819,939,819,14.8
444,4,986,664,1047,809,1016,809,14.8
444,3,1309,657,1401,796,1355,796,14.8
444,2,543,663,658,878,600,878,14.8
444,2,548,674,635,868,591,868,14.8
445,5,904,676,971,817,937,817,14.833333333333334
445,4,988,662,1049,811,1018,811,14.833333333333334
445,3,1308,656,1398,798,1353,798,14.833333333333334
445,2,541,655,667,878,604,878,14.833333333333334
445,4,992,659,1076,814,1034,814,14.833333333333334
446,5,900,674,969,816,934,816,14.866666666666667
446,4,989,660,1054,813,1021,813,14.866666666666667
446,3,1308,655,1396,798,1352,798,14.866666666666667
446,2,542,652,673,879,607,879,14.866666666666667
446,4,994,658,1080,816,1037,816,14.866666666666667
447,5,893,675,967,818,930,818,14.9
447,4,995,662,1053,813,1024,813,14.9
447,3,1309,655,1400,798,1354,798,14.9
447,2,543,664,682,884,612,884,14.9
447,4,997,660,1077,817,1037,817,14.9
448,5,886,675,966,823,926,823,14.933333333333334
448,4,997,662,1056,814,1026,814,14.933333333333334
448,3,1310,655,1398,798,1354,798,14.933333333333334
448,2,544,674,682,887,613,887,14.933333333333334
448,4,999,659,1081,817,1040,817,14.933333333333334
449,5,881,675,964,825,922,825,14.966666666666667
449,4,997,658,1058,815,1027,815,14.966666666666667
449,3,1310,655,1397,798,1353,798,14.966666666666667
449,2,545,679,679,885,612,885,14.966666666666667
449,4,1003,663,1082,818,1042,818,14.966666666666667
450,5,873,672,959,828,916,828,15.0
450,4,999,656,1059,815,1029,815,15.0
450,3,1309,655,1396,799,1352,799,15.0
450,2,547,685,677,885,612,885,15.0
450,4,1004,664,1083,818,1043,818,15.0
451,5,869,667,955,829,912,829,15.033333333333333
451,4,999,656,1060,816,1029,816,15.033333333333333
451,3,1309,655,1391,798,1350,798,15.033333333333333
451,2,548,688,675,883,611,883,15.033333333333333
451,4,1004,664,1083,818,1043,818,15.033333333333333
452,5,867,661,947,825,907,825,15.066666666666666
452,4,999,656,1058,815,1028,815,15.066666666666666
452,3,1310,654,1386,798,1348,798,15.066666666666666
452,2,553,693,672,881,612,881,15.066666666666666
453,5,861,659,934,824,897,824,15.1
453,4,999,659,1055,815,1027,815,15.1
453,3,1311,654,1384,798,1347,798,15.1
453,2,555,698,671,882,613,882,15.1
453,4,1001,659,1077,818,1039,818,15.1
454,5,849,656,923,821,886,821,15.133333333333333
454,4,999,658,1058,821,1028,821,15.133333333333333
454,3,1312,654,1382,797,1347,797,15.133333333333333
454,2,564,702,672,883,618,883,15.133333333333333
455,5,841,657,914,820,877,820,15.166666666666666
455,4,998,658,1060,825,1029,825,15.166666666666666
455,3,1312,655,1379,797,1345,797,15.166666666666666
455,2,570,707,665,885,617,885,15.166666666666666
455,2,568,706,638,881,603,881,15.166666666666666
456,5,835,655,909,817,872,817,15.2
456,4,997,657,1056,821,1026,821,15.2
456,3,1311,655,1378,798,1344,798,15.2
456,2,574,713,666,887,620,887,15.2
456,2,573,713,639,884,606,884,15.2
457,5,828,656,901,819,864,819,15.233333333333333
457,4,998,660,1057,825,1027,825,15.233333333333333
457,3,1311,655,1378,797,1344,797,15.233333333333333
457,2,576,717,668,886,622,886,15.233333333333333
457,2,575,717,641,883,608,883,15.233333333333333
458,5,825,659,897,822,861,822,15.266666666666667
458,4,998,660,1057,825,1027,825,15.266666666666667
458,3,1312,655,1380,797,1346,797,15.266666666666667
458,2,576,718,662,886,619,886,15.266666666666667
459,5,824,665,891,823,857,823,15.3
459,4,996,660,1059,825,1027,825,15.3
459,3,1313,655,1382,796,1347,796,15.3
459,2,575,718,648,884,611,884,15.3
460,5,822,669,884,822,853,822,15.333333333333334
460,4,995,657,1062,827,1028,827,15.333333333333334
460,3,1315,656,1386,796,1350,796,15.333333333333334
460,2,575,716,646,884,610,884,15.333333333333334
460,2,575,717,668,889,621,889,15.333333333333334
461,5,818,672,880,823,849,823,15.366666666666667
461,4,994,661,1065,828,1029,828,15.366666666666667
461,3,1319,655,1386,796,1352,796,15.366666666666667
461,2,573,717,645,886,609,886,15.366666666666667
461,2,574,717,672,890,623,890,15.366666666666667
462,5,810,672,890,827,850,827,15.4
462,4,994,661,1070,829,1032,829,15.4
462,3,1322,655,1387,798,1354,798,15.4
462,2,572,716,640,887,606,887,15.4
462,2,573,715,670,889,621,889,15.4
463,5,802,672,884,827,843,827,15.433333333333334
463,4,993,664,1074,831,1033,831,15.433333333333334
463,3,1323,655,1388,798,1355,798,15.433333333333334
463,2,570,716,636,889,603,889,15.433333333333334
463,2,570,716,672,890,621,890,15.433333333333334
464,5,797,671,883,826,840,826,15.466666666666667
464,4,992,667,1072,832,1032,832,15.466666666666667
464,3,1323,653,1389,799,1356,799,15.466666666666667
464,2,568,716,639,894,603,894,15.466666666666667
464,2,569,715,675,894,622,894,15.466666666666667
465,5,795,669,882,827,838,827,15.5
465,4,992,669,1069,833,1030,833,15.5
465,3,1324,653,1389,800,1356,800,15.5
465,2,568,716,637,895,602,895,15.5
465,2,568,716,675,895,621,895,15.5
466,5,795,669,879,828,837,828,15.533333333333333
466,4,997,670,1069,832,1033,832,15.533333333333333
466,3,1323,653,1389,800,1356,800,15.533333333333333
466,2,568,717,635,899,601,899,15.533333333333333
466,2,568,716,676,897,622,897,15.533333333333333
467,5,793,666,879,830,836,830,15.566666666666666
467,4,1005,669,1072,828,1038,828,15.566666666666666
467,3,1325,651,1390,801,1357,801,15.566666666666666
467,2,566,718,635,898,600,898,15.566666666666666
467,2,567,717,671,897,619,897,15.566666666666666
468,5,790,666,873,829,831,829,15.6
468,4,1007,672,1075,827,1041,827,15.6
468,3,1326,650,1390,801,1358,801,15.6
468,2,566,720,637,899,601,899,15.6
469,5,786,666,860,826,823,826,15.633333333333333
469,4,1008,672,1077,827,1042,827,15.633333333333333
469,3,1327,650,1388,800,1357,800,15.633333333333333
469,2,566,725,635,901,600,901,15.633333333333333
470,5,780,667,860,827,820,827,15.666666666666666
470,4,1013,670,1078,827,1045,827,15.666666666666666
470,3,1328,650,1387,799,1357,799,15.666666666666666
470,2,565,725,632,902,598,902,15.666666666666666
470,2,568,726,665,902,616,902,15.666666666666666
471,5,778,665,865,829,821,829,15.7
471,4,1017,669,1080,828,1048,828,15.7
471,3,1327,650,1387,800,1357,800,15.7
471,2,563,727,631,904,597,904,15.7
471,2,566,730,672,903,619,903,15.7
472,5,773,665,859,827,816,827,15.733333333333333
472,4,1015,667,1083,827,1049,827,15.733333333333333
472,3,1327,650,1387,801,1357,801,15.733333333333333
472,2,560,728,632,903,596,903,15.733333333333333
473,5,767,666,844,826,805,826,15.766666666666667
473,4,1017,665,1086,826,1051,826,15.766666666666667
473,3,1328,650,1389,802,1358,802,15.766666666666667
473,2,559,729,646,903,602,903,15.766666666666667
473,5,767,667,817,826,792,826,15.766666666666667
474,4,1023,666,1089,825,1056,825,15.8
474,3,1327,652,1392,804,1359,804,15.8
474,2,556,728,651,906,603,906,15.8
474,5,762,667,813,825,787,825,15.8
