frame,track_id,bbox_x1,bbox_y1,bbox_x2,bbox_y2,center_x,center_y,field_x,field_y,timestamp_sec
0,2,1781,660,1883,797,1832,797,1382.1522216796875,507.7595520019531,0.0
0,3,472,689,537,800,504,800,412.1124267578125,488.1311950683594,0.0
0,6,1005,653,1090,839,1047,839,810.515625,589.4330444335938,0.0
1,2,1780,659,1883,797,1831,797,1381.43798828125,507.7395935058594,0.03333333333333333
1,3,492,689,536,796,514,796,417.2890319824219,478.27655029296875,0.03333333333333333
1,6,1005,654,1089,839,1047,839,810.515625,589.4330444335938,0.03333333333333333
2,2,1779,657,1883,796,1831,796,1382.419189453125,505.3149719238281,0.06666666666666667
2,3,490,689,536,796,513,796,416.5383605957031,478.2555236816406,0.06666666666666667
2,6,1004,653,1089,838,1046,838,809.8911743164062,587.2369384765625,0.06666666666666667
3,2,1778,662,1883,797,1830,797,1380.7237548828125,507.7196350097656,0.1
3,3,489,689,536,796,512,796,415.7876281738281,478.2344970703125,0.1
3,6,1005,655,1089,838,1047,838,810.5803833007812,587.2545776367188,0.1
4,2,1778,664,1882,797,1830,797,1380.7237548828125,507.7196350097656,0.13333333333333333
4,3,490,689,536,796,513,796,416.5383605957031,478.2555236816406,0.13333333333333333
4,6,1005,655,1089,837,1047,837,810.6453857421875,585.0694580078125,0.13333333333333333
5,2,1777,664,1882,797,1829,797,1380.0093994140625,507.69964599609375,0.16666666666666666
5,3,489,688,536,796,512,796,415.7876281738281,478.2344970703125,0.16666666666666666
5,6,1005,653,1089,838,1047,838,810.5803833007812,587.2545776367188,0.16666666666666666
6,2,1776,665,1883,797,1829,797,1380.0093994140625,507.69964599609375,0.2
6,3,491,687,535,796,513,796,416.5383605957031,478.2555236816406,0.2
6,6,1005,652,1089,838,1047,838,810.5803833007812,587.2545776367188,0.2
7,2,1775,665,1883,796,1829,796,1380.9884033203125,505.27490234375,0.23333333333333334
7,3,469,686,538,800,503,800,411.36639404296875,488.1104736328125,0.23333333333333334
7,6,1004,652,1089,838,1046,838,809.8911743164062,587.2369384765625,0.23333333333333334
8,2,1775,664,1885,797,1830,797,1380.7237548828125,507.7196350097656,0.26666666666666666
8,3,396,752,475,885,435,885,410.1302490234375,673.7437744140625,0.26666666666666666
8,6,1005,657,1091,838,1048,838,811.2695922851562,587.272216796875,0.26666666666666666
9,2,1775,662,1872,796,1823,796,1376.6951904296875,505.15460205078125,0.3
9,3,396,756,474,885,435,885,410.1302490234375,673.7437744140625,0.3
9,6,1003,658,1090,838,1046,838,809.8911743164062,587.2369384765625,0.3
10,2,1775,660,1867,796,1821,796,1375.263916015625,505.114501953125,0.3333333333333333
10,3,397,758,475,884,436,884,410.27447509765625,671.823486328125,0.3333333333333333
10,6,1003,658,1090,838,1046,838,809.8911743164062,587.2369384765625,0.3333333333333333
11,2,1775,657,1864,796,1819,796,1373.83251953125,505.07440185546875,0.36666666666666664
11,3,397,759,475,885,436,885,410.7863464355469,673.7589721679688,0.36666666666666664
11,6,1002,658,1089,838,1045,838,809.2019653320312,587.2192993164062,0.36666666666666664
12,2,1774,655,1862,795,1818,795,1374.0865478515625,502.6209716796875,0.4
12,3,398,759,474,885,436,885,410.7863464355469,673.7589721679688,0.4
12,6,1002,658,1089,837,1045,837,809.2648315429688,585.0341186523438,0.4
13,2,1772,652,1862,795,1817,795,1373.36962890625,502.6008605957031,0.43333333333333335
13,3,398,756,475,884,436,884,410.27447509765625,671.823486328125,0.43333333333333335
13,6,1002,658,1089,838,1045,838,809.2019653320312,587.2192993164062,0.43333333333333335
14,2,1773,654,1877,797,1825,797,1377.15185546875,507.6197814941406,0.4666666666666667
14,3,398,754,476,884,437,884,410.9314880371094,671.8388061523438,0.4666666666666667
14,6,1002,658,1089,837,1045,837,809.2648315429688,585.0341186523438,0.4666666666666667
15,2,1770,655,1882,796,1826,796,1378.8419189453125,505.2147521972656,0.5
15,3,398,755,476,885,437,885,411.4424133300781,673.7742309570312,0.5
15,6,1002,658,1089,837,1045,837,809.2648315429688,585.0341186523438,0.5
16,2,1769,650,1884,795,1826,795,1379.8206787109375,502.781982421875,0.5333333333333333
16,3,398,754,477,884,437,884,410.9314880371094,671.8388061523438,0.5333333333333333
16,6,1003,658,1088,837,1045,837,809.2648315429688,585.0341186523438,0.5333333333333333
17,2,1771,640,1885,796,1828,796,1380.27294921875,505.2548522949219,0.5666666666666667
17,3,398,752,476,884,437,884,410.9314880371094,671.8388061523438,0.5666666666666667
17,6,1002,658,1087,837,1044,837,808.5745849609375,585.0164184570312,0.5666666666666667
18,2,1771,627,1885,795,1828,795,1381.25390625,502.8222351074219,0.6
18,3,399,749,478,884,438,884,411.5885009765625,671.8540649414062,0.6
18,6,1003,657,1087,837,1045,837,809.2648315429688,585.0341186523438,0.6
19,2,1774,620,1869,793,1821,793,1378.1925048828125,497.7915954589844,0.6333333333333333
19,3,399,744,480,884,439,884,412.2454528808594,671.8693237304688,0.6333333333333333
19,6,1002,657,1086,837,1044,837,808.5745849609375,585.0164184570312,0.6333333333333333
20,2,1777,626,1864,792,1820,792,1378.454833984375,495.3145751953125,0.6666666666666666
20,3,399,741,482,884,440,884,412.9024353027344,671.8845825195312,0.6666666666666666
20,6,1002,657,1087,837,1044,837,808.5745849609375,585.0164184570312,0.6666666666666666
21,2,1779,627,1861,792,1820,792,1378.454833984375,495.3145751953125,0.7
21,3,399,738,491,885,445,885,416.6902160644531,673.8959350585938,0.7
21,6,1002,657,1087,837,1044,837,808.5745849609375,585.0164184570312,0.7
22,2,1779,628,1860,793,1819,793,1376.75439453125,497.75103759765625,0.7333333333333333
22,3,400,739,481,884,440,884,412.9024353027344,671.8845825195312,0.7333333333333333
22,6,1002,657,1087,838,1044,838,808.5126953125,587.2017211914062,0.7333333333333333
23,2,1779,631,1853,793,1816,793,1374.596923828125,497.6902160644531,0.7666666666666667
23,3,403,737,478,884,440,884,412.9024353027344,671.8845825195312,0.7666666666666667
23,6,1002,658,1086,837,1044,837,808.5745849609375,585.0164184570312,0.7666666666666667
24,2,1781,644,1854,794,1817,794,1374.34130859375,500.15960693359375,0.8
24,3,404,734,479,884,441,884,413.5593566894531,671.8998413085938,0.8
24,6,1002,658,1085,837,1043,837,807.8842163085938,584.9987182617188,0.8
25,3,406,730,480,884,443,884,414.8731689453125,671.930419921875,0.8333333333333334
25,6,1002,658,1083,836,1042,836,807.2538452148438,582.7889404296875,0.8333333333333334
25,2,1784,654,1871,796,1827,796,1379.557373046875,505.23480224609375,0.8333333333333334
26,3,407,729,477,885,442,885,414.72247314453125,673.8502807617188,0.8666666666666667
26,6,1002,658,1081,835,1041,835,806.6214599609375,580.5723266601562,0.8666666666666667
26,2,1787,655,1881,796,1834,796,1384.5653076171875,505.3750915527344,0.8666666666666667
27,3,408,729,476,885,442,885,414.72247314453125,673.8502807617188,0.9
27,6,1002,658,1081,835,1041,835,806.6214599609375,580.5723266601562,0.9
27,2,1787,655,1846,794,1816,794,1373.623291015625,500.139404296875,0.9
28,3,410,729,476,883,443,883,414.3664855957031,669.98974609375,0.9333333333333333
28,6,1002,658,1082,836,1042,836,807.2538452148438,582.7889404296875,0.9333333333333333
28,2,1788,652,1846,794,1817,794,1374.34130859375,500.15960693359375,0.9333333333333333
29,3,411,729,477,882,444,882,414.5171203613281,668.0588989257812,0.9666666666666667
29,6,1003,658,1083,836,1043,836,807.9451904296875,582.8067016601562,0.9666666666666667
29,2,1788,642,1843,793,1815,793,1373.877685546875,497.669921875,0.9666666666666667
30,3,413,729,475,881,444,881,414.0084533691406,666.1071166992188,1.0
30,6,1003,658,1084,836,1043,836,807.9451904296875,582.8067016601562,1.0
30,2,1788,636,1842,792,1815,792,1374.8533935546875,495.2127685546875,1.0
31,3,414,728,478,882,446,882,415.8345947265625,668.089599609375,1.0333333333333334
31,6,1003,658,1084,836,1043,836,807.9451904296875,582.8067016601562,1.0333333333333334
31,2,1788,635,1841,793,1814,793,1373.158447265625,497.6496276855469,1.0333333333333334
32,3,416,727,479,881,447,881,415.9875183105469,666.1533813476562,1.0666666666666667
32,2,1787,621,1838,794,1812,794,1370.7508544921875,500.0585632324219,1.0666666666666667
32,6,1018,786,1068,836,1043,836,807.9451904296875,582.8067016601562,1.0666666666666667
33,3,416,727,481,882,448,882,417.1520080566406,668.120361328125,1.1
33,2,1786,625,1836,794,1811,794,1370.0325927734375,500.0383605957031,1.1
33,6,1018,786,1068,836,1043,836,807.9451904296875,582.8067016601562,1.1
34,3,417,727,485,882,451,882,419.1279296875,668.16650390625,1.1333333333333333
34,2,1784,619,1841,794,1812,794,1370.7508544921875,500.0585632324219,1.1333333333333333
34,6,1018,786,1068,836,1043,836,807.9451904296875,582.8067016601562,1.1333333333333333
35,3,418,727,482,882,450,882,418.4693298339844,668.151123046875,1.1666666666666667
35,2,1780,620,1842,792,1811,792,1371.9718017578125,495.1313171386719,1.1666666666666667
35,6,1018,786,1068,836,1043,836,807.9451904296875,582.8067016601562,1.1666666666666667
36,3,418,727,480,881,449,881,417.3067932128906,666.1842041015625,1.2
36,2,1776,624,1839,790,1807,790,1371.0321044921875,490.1105041503906,1.2
36,6,1018,786,1068,836,1043,836,807.9451904296875,582.8067016601562,1.2
37,3,419,727,479,881,449,881,417.3067932128906,666.1842041015625,1.2333333333333334
37,2,1771,621,1833,787,1802,787,1370.3375244140625,482.53753662109375,1.2333333333333334
37,6,1018,786,1068,836,1043,836,807.9451904296875,582.8067016601562,1.2333333333333334
38,3,420,727,479,882,449,882,417.8106689453125,668.1357421875,1.2666666666666666
38,2,1768,614,1825,785,1796,785,1367.9267578125,477.39117431640625,1.2666666666666666
38,6,1018,786,1068,836,1043,836,807.9451904296875,582.8067016601562,1.2666666666666666
39,3,420,726,481,884,450,884,419.4708251953125,672.0372924804688,1.3
39,2,1769,599,1820,785,1794,785,1366.4688720703125,477.3493347167969,1.3
39,6,1003,657,1084,837,1043,837,807.8842163085938,584.9987182617188,1.3
40,3,420,725,481,883,450,883,418.9707946777344,670.0969848632812,1.3333333333333333
40,2,1766,596,1816,789,1791,789,1360.4205322265625,487.29913330078125,1.3333333333333333
40,6,1003,657,1084,837,1043,837,807.8842163085938,584.9987182617188,1.3333333333333333
41,3,420,724,482,882,451,882,419.1279296875,668.16650390625,1.3666666666666667
41,2,1762,609,1813,793,1787,793,1353.7293701171875,497.1016845703125,1.3666666666666667
41,6,1003,657,1085,837,1044,837,808.5745849609375,585.0164184570312,1.3666666666666667
42,3,421,724,487,882,454,882,421.10369873046875,668.2125854492188,1.4
42,2,1759,614,1810,796,1784,796,1348.7666015625,504.3721923828125,1.4
42,6,1003,658,1086,838,1044,838,808.5126953125,587.2017211914062,1.4
43,3,422,725,485,883,453,883,420.9437561035156,670.1429443359375,1.4333333333333333
43,2,1755,623,1807,797,1781,797,1345.6917724609375,506.7403564453125,1.4333333333333333
43,6,1003,657,1087,838,1045,838,809.2019653320312,587.2192993164062,1.4333333333333333
44,3,424,727,488,884,456,884,423.41082763671875,672.1288452148438,1.4666666666666666
44,2,1741,621,1805,794,1773,794,1342.7227783203125,499.2698669433594,1.4666666666666666
44,6,1003,657,1087,838,1045,838,809.2019653320312,587.2192993164062,1.4666666666666666
45,3,425,728,487,883,456,883,422.91650390625,670.1889038085938,1.5
45,2,1736,632,1802,793,1769,793,1340.76611328125,496.7361145019531,1.5
45,6,1019,787,1069,837,1044,837,808.5745849609375,585.0164184570312,1.5
46,3,426,729,490,883,458,883,424.2315673828125,670.2195434570312,1.5333333333333334
46,2,1726,640,1799,794,1762,794,1334.810302734375,499.0472106933594,1.5333333333333334
46,6,1018,786,1068,836,1043,836,807.9451904296875,582.8067016601562,1.5333333333333334
47,3,428,731,492,883,460,883,425.54656982421875,670.2501220703125,1.5666666666666667
47,2,1719,650,1796,793,1757,793,1332.119140625,496.49224853515625,1.5666666666666667
47,6,1003,657,1083,836,1043,836,807.9451904296875,582.8067016601562,1.5666666666666667
48,3,431,731,503,884,467,884,430.6322326660156,672.2966918945312,1.6
48,2,1712,656,1794,792,1753,792,1330.140869140625,493.948974609375,1.6
48,6,1003,657,1085,837,1044,837,808.5745849609375,585.0164184570312,1.6
49,3,432,733,506,884,469,884,431.9449157714844,672.3272094726562,1.6333333333333333
49,2,1708,658,1794,790,1751,790,1330.5106201171875,488.9600830078125,1.6333333333333333
49,6,1003,657,1087,837,1045,837,809.2648315429688,585.0341186523438,1.6333333333333333
50,3,435,733,506,884,470,884,432.60125732421875,672.3424682617188,1.6666666666666667
50,2,1709,659,1794,789,1751,789,1331.421875,486.4739990234375,1.6666666666666667
50,6,1003,657,1086,836,1044,836,808.6365966796875,582.824462890625,1.6666666666666667
51,3,436,722,515,886,475,886,436.83099365234375,676.280029296875,1.7
51,2,1717,660,1792,790,1754,790,1332.6834716796875,489.0217590332031,1.7
51,6,1003,657,1085,836,1044,836,808.6365966796875,582.824462890625,1.7
52,3,438,727,512,885,475,885,436.3574523925781,674.3521728515625,1.7333333333333334
52,2,1725,659,1792,791,1758,791,1334.6639404296875,491.5815124511719,1.7333333333333334
52,6,1003,656,1085,836,1044,836,808.6365966796875,582.824462890625,1.7333333333333334
53,3,438,709,521,886,479,886,439.4480895996094,676.3406372070312,1.7666666666666666
53,2,1729,658,1791,792,1760,792,1335.194091796875,494.091796875,1.7666666666666666
53,6,1003,657,1082,835,1042,835,807.3139038085938,580.5901489257812,1.7666666666666666
54,3,439,712,524,885,481,885,440.2886047363281,674.443359375,1.8
54,2,1729,658,1789,793,1759,793,1333.560546875,496.53289794921875,1.8
54,6,1003,657,1082,834,1042,834,807.3742065429688,578.3846435546875,1.8
55,3,439,715,527,884,483,884,441.1314697265625,672.540771484375,1.8333333333333333
55,2,1728,657,1788,792,1758,792,1333.75048828125,494.0509948730469,1.8333333333333333
55,6,1003,657,1083,835,1043,835,808.0064086914062,580.6079711914062,1.8333333333333333
56,3,441,698,540,881,490,881,444.3330383300781,666.8162841796875,1.8666666666666667
56,2,1724,657,1788,792,1756,792,1332.306640625,494.01019287109375,1.8666666666666667
56,6,1003,657,1083,835,1043,835,808.0064086914062,580.6079711914062,1.8666666666666667
57,3,442,690,546,881,494,881,446.9678039550781,666.8779296875,1.9
57,2,1722,657,1786,792,1754,792,1330.86279296875,493.9693908691406,1.9
57,6,1003,657,1084,836,1043,836,807.9451904296875,582.8067016601562,1.9
58,3,441,703,540,881,490,881,444.3330383300781,666.8162841796875,1.9333333333333333
58,2,1719,656,1784,793,1751,793,1327.7943115234375,496.3702697753906,1.9333333333333333
58,6,1003,657,1084,836,1043,836,807.9451904296875,582.8067016601562,1.9333333333333333
59,3,440,711,533,883,486,883,442.63360595703125,670.6481323242188,1.9666666666666666
59,2,1715,655,1778,794,1746,794,1323.295654296875,498.7231750488281,1.9666666666666666
59,6,1003,656,1085,836,1044,836,808.6365966796875,582.824462890625,1.9666666666666666
60,3,440,703,539,884,489,884,445.0672912597656,672.6322631835938,2.0
60,2,1712,654,1786,796,1749,796,1323.6690673828125,503.6690673828125,2.0
60,6,1003,657,1085,837,1044,837,808.5745849609375,585.0164184570312,2.0
61,3,440,701,523,880,481,880,437.9288635253906,664.7222290039062,2.033333333333333
61,2,1709,653,1788,798,1748,798,1321.17919921875,508.5030212402344,2.033333333333333
61,6,1003,656,1081,835,1042,835,807.3139038085938,580.5901489257812,2.033333333333333
62,3,442,734,511,877,476,877,433.1824645996094,658.7438354492188,2.066666666666667
62,2,1707,654,1781,795,1744,795,1320.967041015625,501.1295471191406,2.066666666666667
62,6,1002,656,1081,835,1041,835,806.6214599609375,580.5723266601562,2.066666666666667
63,3,443,736,509,878,476,878,433.6661071777344,660.716552734375,2.1
63,2,1705,654,1780,796,1742,796,1318.645751953125,503.5283508300781,2.1
63,6,1002,656,1078,838,1040,838,805.7554931640625,587.1311645507812,2.1
64,3,444,738,508,878,476,878,433.6661071777344,660.716552734375,2.1333333333333333
64,2,1704,654,1781,798,1742,798,1316.886962890625,508.3833312988281,2.1333333333333333
64,6,1014,787,1064,837,1039,837,805.1227416992188,584.9279174804688,2.1333333333333333
65,2,1703,653,1781,797,1742,797,1317.764892578125,505.959716796875,2.1666666666666665
65,3,446,734,513,875,479,875,434.20538330078125,654.8284912109375,2.1666666666666665
65,6,1014,787,1064,837,1039,837,805.1227416992188,584.9279174804688,2.1666666666666665
66,2,1699,651,1784,798,1741,798,1316.1715087890625,508.3633728027344,2.2
66,3,446,734,512,872,479,872,432.74639892578125,648.8418579101562,2.2
66,6,1014,787,1064,837,1039,837,805.1227416992188,584.9279174804688,2.2
67,2,1699,651,1772,795,1735,795,1314.496826171875,500.9478759765625,2.2333333333333334
67,3,450,738,514,872,482,872,434.7493591308594,648.8895874023438,2.2333333333333334
67,6,1014,787,1064,837,1039,837,805.1227416992188,584.9279174804688,2.2333333333333334
68,2,1696,647,1775,795,1735,795,1314.496826171875,500.9478759765625,2.2666666666666666
68,3,450,744,515,871,482,871,434.26312255859375,646.8825073242188,2.2666666666666666
68,6,1014,787,1064,837,1039,837,805.1227416992188,584.9279174804688,2.2666666666666666
69,2,1692,645,1773,797,1732,797,1310.597900390625,505.7593688964844,2.3
69,3,452,706,527,873,489,873,439.900146484375,651.001708984375,2.3
69,6,1004,662,1075,837,1039,837,805.1227416992188,584.9279174804688,2.3
70,3,452,709,528,871,490,871,439.61126708984375,647.0101928710938,2.3333333333333335
70,2,1687,647,1742,794,1714,794,1300.24609375,498.0745849609375,2.3333333333333335
70,6,1005,663,1073,836,1039,836,805.1795043945312,582.7356567382812,2.3333333333333335
71,3,451,713,534,869,492,869,439.9910888671875,643.0115356445312,2.3666666666666667
71,2,1682,647,1740,791,1711,791,1300.65380859375,490.6180725097656,2.3666666666666667
71,6,1005,663,1072,835,1038,835,804.5438842773438,580.5188598632812,2.3666666666666667
72,3,451,714,536,868,493,868,440.18182373046875,641.0035400390625,2.4
72,2,1678,647,1736,792,1707,792,1296.9017333984375,493.0094909667969,2.4
72,6,1005,664,1072,835,1038,835,804.5438842773438,580.5188598632812,2.4
73,3,449,715,541,869,495,869,442.0020751953125,643.0597534179688,2.433333333333333
73,2,1676,647,1734,792,1705,792,1295.455322265625,492.9685974121094,2.433333333333333
73,6,1005,664,1071,835,1038,835,804.5438842773438,580.5188598632812,2.433333333333333
74,3,449,714,548,871,498,871,444.9580078125,647.1378173828125,2.466666666666667
74,2,1674,650,1732,791,1703,791,1294.8590087890625,490.45391845703125,2.466666666666667
74,6,1004,664,1075,835,1039,835,805.2364501953125,580.5366821289062,2.466666666666667
75,3,450,716,558,872,504,872,449.4317626953125,649.2393798828125,2.5
75,2,1669,653,1729,792,1699,792,1291.1153564453125,492.845947265625,2.5
75,6,1015,785,1065,835,1040,835,805.928955078125,580.5545043945312,2.5
76,3,452,716,563,872,507,872,451.4330749511719,649.2870483398438,2.533333333333333
76,2,1664,654,1727,793,1695,793,1287.38330078125,495.2305908203125,2.533333333333333
76,6,1016,786,1066,836,1041,836,806.5623779296875,582.7711791992188,2.533333333333333
77,3,463,711,570,872,516,872,457.43585205078125,649.4300537109375,2.566666666666667
77,2,1661,656,1726,794,1693,794,1285.1053466796875,497.6485290527344,2.566666666666667
77,6,1017,787,1067,837,1042,837,807.1939086914062,584.9810180664062,2.566666666666667
78,3,467,711,572,874,519,874,460.3323059082031,653.4701538085938,2.6
78,2,1655,656,1726,795,1690,795,1282.1142578125,500.03863525390625,2.6
78,6,1018,787,1068,837,1043,837,807.8842163085938,584.9987182617188,2.6
79,3,474,714,583,874,528,874,466.3151550292969,653.612060546875,2.6333333333333333
79,2,1652,657,1726,795,1689,795,1281.39404296875,500.0184326171875,2.6333333333333333
79,6,1019,788,1069,838,1044,838,808.5126953125,587.2017211914062,2.6333333333333333
80,3,482,715,590,875,536,875,472.0612487792969,655.7247924804688,2.6666666666666665
80,2,1651,657,1725,795,1688,795,1280.673828125,499.9981994628906,2.6666666666666665
80,6,1020,789,1070,839,1045,839,809.1392822265625,589.39794921875,2.6666666666666665
81,3,490,716,598,875,544,875,477.36871337890625,655.8504638671875,2.7
81,2,1651,655,1723,795,1687,795,1279.9534912109375,499.9779968261719,2.7
81,6,1002,666,1092,840,1047,840,810.4510498046875,591.60498046875,2.7
82,3,499,715,605,875,552,875,482.6747741699219,655.9761352539062,2.7333333333333334
82,2,1649,654,1722,795,1685,795,1278.512939453125,499.9375305175781,2.7333333333333334
82,6,1003,665,1085,838,1044,838,808.5126953125,587.2017211914062,2.7333333333333334
83,3,470,714,546,822,508,822,427.2913513183594,541.3029174804688,2.7666666666666666
83,2,1648,654,1719,797,1683,797,1275.4417724609375,504.7766418457031,2.7666666666666666
83,6,1004,667,1084,836,1044,836,808.6365966796875,582.824462890625,2.7666666666666666
84,3,470,713,563,830,516,830,437.205810546875,559.857177734375,2.8
84,2,1646,654,1717,796,1681,796,1274.817138671875,502.30047607421875,2.8
84,6,1004,666,1090,836,1047,836,810.7105712890625,582.877685546875,2.8
85,3,470,714,559,826,514,826,433.71038818359375,550.6762084960938,2.8333333333333335
85,2,1641,654,1715,797,1678,797,1271.8509521484375,504.67626953125,2.8333333333333335
85,6,1004,669,1092,836,1048,836,811.4017944335938,582.8954467773438,2.8333333333333335
86,3,471,712,568,822,519,822,435.208740234375,541.5125122070312,2.8666666666666667
86,2,1638,655,1700,797,1669,797,1265.3857421875,504.49554443359375,2.8666666666666667
86,6,1004,671,1090,835,1047,835,810.7759399414062,580.6792602539062,2.8666666666666667
87,3,472,708,528,814,500,814,417.12158203125,522.2708740234375,2.9
87,2,1633,656,1684,795,1658,795,1259.054443359375,499.3912048339844,2.9
87,6,1004,668,1089,833,1046,833,810.2128295898438,576.2442016601562,2.9
88,3,473,705,570,825,521,825,438.20159912109375,548.5042114257812,2.933333333333333
88,2,1627,657,1679,797,1653,797,1253.886962890625,504.1741027832031,2.933333333333333
88,6,1003,668,1091,833,1047,833,810.9072875976562,576.2621459960938,2.933333333333333
89,3,474,702,566,820,520,820,434.8821105957031,536.8591918945312,2.966666666666667
89,2,1621,657,1672,796,1646,796,1249.6258544921875,501.5947265625,2.966666666666667
89,6,1002,667,1094,838,1048,838,811.2695922851562,587.272216796875,2.966666666666667
90,3,473,697,565,830,519,830,439.3377685546875,559.9126586914062,3.0
90,2,1614,656,1678,798,1646,798,1248.0848388671875,506.46429443359375,3.0
90,6,1001,662,1095,836,1048,836,811.4017944335938,582.8954467773438,3.0
91,3,471,693,566,834,518,834,440.6578674316406,568.9242553710938,3.033333333333333
91,2,1606,653,1683,799,1644,799,1245.88427734375,508.8475341796875,3.033333333333333
91,6,1023,788,1073,838,1048,838,811.2695922851562,587.272216796875,3.033333333333333
92,3,465,690,565,829,515,829,435.9801330566406,557.5634155273438,3.066666666666667
92,2,1600,651,1680,801,1640,801,1241.5037841796875,513.5917358398438,3.066666666666667
92,6,1001,669,1095,841,1048,841,811.0726928710938,593.7877197265625,3.066666666666667
93,3,469,689,565,821,517,821,433.24371337890625,539.1416625976562,3.1
93,2,1593,649,1674,801,1633,801,1236.5003662109375,513.4530639648438,3.1
93,6,1001,665,1094,842,1047,842,810.3224487304688,595.9290771484375,3.1
94,3,472,689,562,816,517,816,430.590087890625,527.3670043945312,3.1333333333333333
94,2,1590,648,1678,803,1634,803,1235.725341796875,518.2671508789062,3.1333333333333333
94,6,1002,667,1093,841,1047,841,810.3866577148438,593.770263671875,3.1333333333333333
95,3,478,689,565,813,521,813,431.8977355957031,520.2909545898438,3.1666666666666665
95,2,1586,648,1681,808,1633,808,1231.3348388671875,530.1015014648438,3.1666666666666665
95,6,1004,674,1086,842,1045,842,808.9523315429688,595.894287109375,3.1666666666666665
96,3,479,688,569,812,524,812,433.5548400878906,517.950439453125,3.2
96,2,1585,650,1680,808,1632,808,1230.627685546875,530.0821533203125,3.2
96,6,1000,667,1066,842,1033,842,800.7296752929688,595.6857299804688,3.2
97,3,483,685,571,811,527,811,435.2170715332031,515.6026000976562,3.2333333333333334
97,2,1579,653,1664,805,1621,805,1225.0079345703125,522.7774047851562,3.2333333333333334
97,6,996,665,1059,842,1027,842,796.6171264648438,595.5814208984375,3.2333333333333334
98,3,490,684,579,823,534,823,446.5049133300781,544.1223754882812,3.2666666666666666
98,2,1574,653,1658,805,1616,805,1221.4539794921875,522.6798095703125,3.2666666666666666
98,6,993,663,1060,839,1026,839,796.0593872070312,589.0640869140625,3.2666666666666666
99,3,494,683,586,829,540,829,453.76806640625,558.0272216796875,3.3
99,6,991,664,1060,835,1025,835,795.5386962890625,580.2869873046875,3.3
99,2,1564,653,1626,799,1595,799,1210.7276611328125,507.8691101074219,3.3
100,3,497,682,590,823,543,823,452.966796875,544.2930297851562,3.3333333333333335
100,6,991,674,1058,833,1024,833,794.928466796875,575.8490600585938,3.3333333333333335
100,2,1555,654,1622,799,1588,799,1205.7001953125,507.72918701171875,3.3333333333333335
101,3,498,681,592,817,545,817,451.42572021484375,530.2800903320312,3.3666666666666667
101,6,993,683,1055,831,1024,831,795.0115966796875,571.4017944335938,3.3666666666666667
101,2,1552,654,1616,801,1584,801,1201.4404296875,512.4816284179688,3.3666666666666667
102,3,499,680,594,814,546,814,450.6441955566406,523.1737060546875,3.4
102,6,992,690,1054,831,1023,831,794.314453125,571.3837280273438,3.4
102,2,1545,654,1616,802,1580,802,1197.890380859375,514.8072509765625,3.4
103,3,503,681,595,811,549,811,451.31842041015625,516.0391235351562,3.433333333333333
103,6,987,694,1052,835,1019,835,791.3810424804688,580.1799926757812,3.433333333333333
103,2,1537,652,1613,802,1575,802,1194.314453125,514.7083740234375,3.433333333333333
104,3,507,682,595,814,551,814,454.28460693359375,523.271728515625,3.466666666666667
104,6,989,696,1052,834,1020,834,792.111083984375,577.9909057617188,3.466666666666667
104,2,1532,653,1607,801,1569,801,1190.6954345703125,512.1839599609375,3.466666666666667
105,3,514,681,596,819,555,819,459.6468200683594,535.1856689453125,3.5
105,6,990,699,1051,834,1020,834,792.111083984375,577.9909057617188,3.5
105,2,1529,653,1600,802,1564,802,1186.4453125,514.4908447265625,3.5
106,3,525,682,599,818,562,818,464.22216796875,532.9686889648438,3.533333333333333
106,6,990,698,1050,842,1020,842,791.8180541992188,595.459716796875,3.533333333333333
106,2,1527,654,1599,803,1563,803,1185.065673828125,516.8696899414062,3.533333333333333
107,3,532,681,606,814,569,814,467.3847351074219,523.6245727539062,3.566666666666667
107,6,984,696,1049,847,1016,847,788.9161987304688,606.0966796875,3.566666666666667
107,2,1521,654,1586,803,1553,803,1177.920166015625,516.6725463867188,3.566666666666667
108,3,538,680,612,815,575,815,472.219482421875,526.1227416992188,3.6
108,6,982,689,1048,848,1015,848,788.205078125,608.2017211914062,3.6
108,2,1516,657,1574,805,1545,805,1170.92041015625,521.2918701171875,3.6
109,3,539,680,616,816,577,816,474.13800048828125,528.5347900390625,3.6333333333333333
109,6,983,678,1046,845,1014,845,787.6141357421875,601.7989501953125,3.6333333333333333
109,2,1510,658,1558,804,1534,804,1163.7071533203125,518.6909790039062,3.6333333333333333
110,3,543,679,622,818,582,818,478.67901611328125,533.3546752929688,3.6666666666666665
110,6,986,665,1045,842,1015,842,788.3894653320312,595.3727416992188,3.6666666666666665
110,2,1502,658,1549,801,1525,801,1159.1434326171875,511.3096923828125,3.6666666666666665
111,3,546,677,630,821,588,821,484.3570556640625,540.49755859375,3.7
111,6,988,657,1044,835,1016,835,789.3019409179688,580.12646484375,3.7
111,2,1490,659,1543,801,1516,801,1152.6834716796875,511.1307067871094,3.7
112,3,546,677,634,820,590,820,485.35101318359375,538.2008666992188,3.7333333333333334
112,6,984,634,1044,834,1014,834,787.9464111328125,577.8834228515625,3.7333333333333334
112,2,1478,659,1545,802,1511,802,1148.486328125,513.44140625,3.7333333333333334
113,3,550,678,646,822,598,822,491.9792785644531,543.0151977539062,3.7666666666666666
113,6,988,642,1045,836,1016,836,789.269287109375,582.326904296875,3.7666666666666666
113,2,1471,658,1548,804,1509,804,1145.8480224609375,518.1994018554688,3.7666666666666666
114,3,552,679,645,822,598,822,491.9792785644531,543.0151977539062,3.8
114,6,989,642,1048,832,1018,832,790.7930908203125,573.5206298828125,3.8
114,2,1462,657,1568,811,1515,811,1145.9332275390625,534.8687133789062,3.8
115,3,555,679,648,823,601,823,494.56072998046875,545.3916625976562,3.8333333333333335
115,6,991,643,1047,831,1019,831,791.5255737304688,571.3113403320312,3.8333333333333335
115,2,1448,656,1545,804,1496,804,1136.5550537109375,517.9435424804688,3.8333333333333335
116,3,557,681,650,824,603,824,496.41864013671875,547.7415771484375,3.8666666666666667
116,6,990,641,1065,832,1027,832,797.0580444335938,573.6829833984375,3.8666666666666667
116,2,1433,656,1545,807,1489,807,1129.8240966796875,524.9497680664062,3.8666666666666667
117,3,575,680,655,825,615,825,505.4098205566406,550.271728515625,3.9
117,6,991,638,1074,832,1032,832,800.5377807617188,573.7731323242188,3.9
117,2,1427,656,1541,806,1484,806,1126.832275390625,522.478271484375,3.9
118,3,595,675,659,825,627,825,513.9735717773438,550.4969482421875,3.933333333333333
118,6,991,637,1074,826,1032,826,800.8411254882812,560.3107299804688,3.933333333333333
118,2,1423,660,1525,805,1474,805,1120.2584228515625,519.900390625,3.933333333333333
119,3,612,672,666,826,639,826,522.9159545898438,553.0172119140625,3.966666666666667
119,6,991,636,1077,825,1034,825,802.299072265625,558.0796508789062,3.966666666666667
119,2,1418,663,1509,802,1463,802,1114.0458984375,512.4891967773438,3.966666666666667
120,3,620,670,669,825,644,825,526.099365234375,550.8157958984375,4.0
120,6,989,635,1076,821,1032,821,801.0983276367188,548.899658203125,4.0
120,2,1415,666,1496,802,1455,802,1108.300048828125,512.330322265625,4.0
121,3,624,669,676,825,650,825,530.3773193359375,550.9283447265625,4.033333333333333
121,6,986,635,1079,823,1032,823,800.9949951171875,553.4853515625,4.033333333333333
121,2,1413,670,1482,803,1447,803,1102.01953125,514.5787353515625,4.033333333333333
122,3,629,667,683,823,656,823,533.924560546875,546.4313354492188,4.066666666666666
122,6,988,633,1072,816,1030,816,799.9327392578125,537.2709350585938,4.066666666666666
122,2,1413,671,1475,805,1444,805,1098.8131103515625,519.3114013671875,4.066666666666666
123,3,633,666,689,826,661,826,538.5755615234375,553.4281616210938,4.1
123,6,989,635,1080,822,1034,822,802.4598999023438,551.2334594726562,4.1
123,2,1412,671,1467,804,1439,804,1095.7572021484375,516.820556640625,4.1
124,3,637,666,698,829,667,829,543.8905029296875,560.3771362304688,4.133333333333334
124,6,991,639,1084,824,1037,824,804.4658203125,555.8603515625,4.133333333333334
124,2,1409,672,1463,804,1436,804,1093.607666015625,516.7614135742188,4.133333333333334
125,3,640,666,699,829,669,829,545.3065795898438,560.4140625,4.166666666666667
125,6,989,645,1087,832,1038,832,804.7125854492188,573.8812866210938,4.166666666666667
125,2,1407,671,1460,804,1433,804,1091.4578857421875,516.7022094726562,4.166666666666667
126,3,651,669,705,827,678,827,551.0054931640625,556.0308227539062,4.2
126,6,987,644,1086,833,1036,833,803.2667846679688,576.0646362304688,4.2
126,2,1407,670,1457,802,1432,802,1091.771484375,511.8733825683594,4.2
127,3,659,672,713,827,686,827,556.6845703125,556.1795043945312,4.233333333333333
127,6,986,637,1082,837,1034,837,801.6702880859375,584.8394165039062,4.233333333333333
127,2,1407,669,1456,808,1431,808,1087.9881591796875,526.1901245117188,4.233333333333333
128,3,663,676,727,827,695,827,563.0716552734375,556.3467407226562,4.266666666666667
128,6,981,632,1084,836,1032,836,800.3385620117188,582.6112670898438,4.266666666666667
128,2,1403,669,1455,811,1429,811,1085.059814453125,533.218505859375,4.266666666666667
129,3,666,680,737,827,701,827,567.32861328125,556.458251953125,4.3
129,6,978,646,1084,840,1031,840,799.454345703125,591.3248901367188,4.3
129,2,1401,670,1455,812,1428,812,1083.8538818359375,535.5403442382812,4.3
130,3,671,683,745,827,708,827,572.2939453125,556.5882568359375,4.333333333333333
130,2,1400,669,1454,813,1427,813,1082.6517333984375,537.85498046875,4.333333333333333
130,6,1006,789,1056,839,1031,839,799.5022583007812,589.1519775390625,4.333333333333333
131,3,675,683,742,826,708,826,571.9896240234375,554.3050537109375,4.366666666666666
131,2,1399,669,1453,814,1426,814,1081.453125,540.1624145507812,4.366666666666666
131,6,1006,788,1056,838,1031,838,799.5503540039062,586.9724731445312,4.366666666666666
132,3,679,685,741,824,710,824,572.8032836914062,549.7546997070312,4.4
132,2,1398,668,1452,814,1425,814,1080.7474365234375,540.1434326171875,4.4
132,6,1006,788,1056,838,1031,838,799.5503540039062,586.9724731445312,4.4
133,3,683,689,742,824,712,824,574.228271484375,549.7922973632812,4.433333333333334
133,2,1401,666,1453,813,1427,813,1082.6517333984375,537.85498046875,4.433333333333334
133,6,1006,787,1056,837,1031,837,799.5985717773438,584.7863159179688,4.433333333333334
134,3,684,690,755,827,719,827,580.0941162109375,556.7925415039062,4.466666666666667
134,2,1402,664,1451,813,1426,813,1081.9449462890625,537.8358764648438,4.466666666666667
134,6,1006,786,1056,836,1031,836,799.6469116210938,582.593505859375,4.466666666666667
135,3,685,692,756,829,720,829,581.3823852539062,561.354736328125,4.5
135,2,1402,662,1450,812,1426,812,1082.438232421875,535.5020751953125,4.5
135,6,1006,786,1056,836,1031,836,799.6469116210938,582.593505859375,4.5
136,3,689,694,758,826,723,826,582.64208984375,554.5845947265625,4.533333333333333
136,2,1402,661,1450,813,1426,813,1081.9449462890625,537.8358764648438,4.533333333333333
136,6,1006,785,1056,835,1031,835,799.6954345703125,580.39404296875,4.533333333333333
137,3,692,695,760,822,726,822,583.6255493164062,545.4410400390625,4.566666666666666
137,2,1400,661,1447,814,1423,814,1079.3360595703125,540.1054077148438,4.566666666666666
137,6,1006,784,1056,834,1031,834,799.7440795898438,578.1878051757812,4.566666666666666
138,3,694,696,759,820,726,820,583.0469360351562,540.7979736328125,4.6
138,2,1399,659,1447,814,1423,814,1079.3360595703125,540.1054077148438,4.6
138,6,976,650,1087,834,1031,834,799.7440795898438,578.1878051757812,4.6
139,3,697,696,757,820,727,820,583.7635498046875,540.8170166015625,4.633333333333334
139,2,1398,659,1479,815,1438,815,1089.416259765625,542.7088012695312,4.633333333333334
139,6,975,651,1086,834,1030,834,799.05029296875,578.169921875,4.633333333333334
140,3,699,696,759,823,729,823,586.0531005859375,547.8081665039062,4.666666666666667
140,2,1396,659,1472,813,1434,813,1087.598388671875,537.9884643554688,4.666666666666667
140,6,974,646,1085,835,1029,835,798.3099365234375,580.3583374023438,4.666666666666667
141,3,704,695,763,828,733,828,590.29296875,559.3268432617188,4.7
141,2,1394,658,1469,813,1431,813,1085.478515625,537.9312744140625,4.7
141,6,977,654,1061,837,1019,837,791.3095092773438,584.5738525390625,4.7
142,3,708,694,764,828,736,828,592.4154052734375,559.3822631835938,4.733333333333333
142,2,1394,660,1471,812,1432,812,1086.68505859375,535.616943359375,4.733333333333333
142,6,978,676,1045,833,1011,833,785.8912963867188,575.6154174804688,4.733333333333333
143,3,712,692,765,828,738,828,593.8302612304688,559.4192504882812,4.766666666666667
143,2,1394,661,1472,814,1433,814,1086.392333984375,540.29541015625,4.766666666666667
143,6,982,685,1038,830,1010,830,785.2760009765625,568.9135131835938,4.766666666666667
144,3,716,691,765,828,740,828,595.2449951171875,559.4562377929688,4.8
144,2,1392,663,1474,814,1433,814,1086.392333984375,540.29541015625,4.8
144,6,985,691,1038,832,1011,832,785.9189453125,573.3943481445312,4.8
145,3,720,692,765,826,742,826,596.1271362304688,554.9384765625,4.833333333333333
145,2,1390,665,1474,814,1432,814,1085.686767578125,540.2764282226562,4.833333333333333
145,6,983,692,1040,830,1011,830,785.9745483398438,568.9317016601562,4.833333333333333
146,3,721,691,767,830,744,830,598.5989379882812,564.0564575195312,4.866666666666666
146,2,1389,666,1473,813,1431,813,1085.478515625,537.9312744140625,4.866666666666666
146,6,982,689,1042,826,1012,826,786.78955078125,559.9419555664062,4.866666666666666
147,3,720,691,769,831,744,831,598.8601684570312,566.30908203125,4.9
147,2,1388,670,1452,811,1420,811,1078.6785888671875,533.0455322265625,4.9
147,6,982,689,1042,819,1012,819,786.9968872070312,543.90673828125,4.9
148,3,717,689,782,842,749,842,605.141357421875,590.7250366210938,4.933333333333334
148,6,983,665,1060,818,1021,818,793.4306030273438,541.75830078125,4.933333333333334
148,2,1387,671,1474,815,1430,815,1083.7811279296875,542.557373046875,4.933333333333334
149,3,719,679,785,843,752,843,607.460693359375,592.9486083984375,4.966666666666667
149,6,983,676,1059,826,1021,826,793.1139526367188,560.10791015625,4.966666666666667
149,2,1386,673,1475,815,1430,815,1083.7811279296875,542.557373046875,4.966666666666667
150,3,723,678,811,851,767,851,619.6177978515625,610.3368530273438,5.0
150,6,984,684,1053,829,1018,829,790.8990478515625,566.8177490234375,5.0
150,2,1386,674,1473,813,1429,813,1084.065185546875,537.8931274414062,5.0
151,3,728,681,829,864,778,864,629.8062744140625,637.4871215820312,5.033333333333333
151,6,986,684,1055,831,1020,831,792.2228393554688,571.3294067382812,5.033333333333333
151,2,1386,676,1473,815,1429,815,1083.07666015625,542.5384521484375,5.033333333333333
152,3,731,680,828,861,779,861,629.8677368164062,631.3728637695312,5.066666666666666
152,6,995,676,1064,833,1029,833,798.4031982421875,575.9389038085938,5.066666666666666
152,2,1387,676,1476,818,1431,818,1083.0079345703125,549.48974609375,5.066666666666666
153,3,734,678,822,855,778,855,627.9585571289062,618.93115234375,5.1
153,6,994,667,1074,832,1034,832,801.9295043945312,573.8091430664062,5.1
153,2,1389,678,1453,813,1421,813,1078.41064453125,537.740478515625,5.1
154,3,737,678,816,847,776,847,624.9017944335938,601.9804077148438,5.133333333333334
154,6,992,662,1077,832,1034,832,801.9295043945312,573.8091430664062,5.133333333333334
154,2,1389,676,1452,816,1420,816,1076.2529296875,544.6804809570312,5.133333333333334
155,3,739,678,817,850,778,850,626.9105224609375,608.406005859375,5.166666666666667
155,6,991,661,1075,833,1033,833,801.1825561523438,576.0107421875,5.166666666666667
155,2,1390,676,1452,816,1421,816,1076.95654296875,544.6993408203125,5.166666666666667
156,3,741,681,818,853,779,853,628.2211303710938,614.7567749023438,5.2
156,6,995,665,1074,833,1034,833,801.8773193359375,576.0287475585938,5.2
156,2,1393,677,1449,812,1421,812,1078.8984375,535.4063110351562,5.2
157,3,740,683,821,855,780,855,629.3143920898438,618.964599609375,5.233333333333333
157,6,1003,669,1074,832,1038,832,804.7125854492188,573.8812866210938,5.233333333333333
157,2,1392,678,1447,814,1419,814,1076.5128173828125,540.0293579101562,5.233333333333333
158,3,741,687,817,854,779,854,628.4291381835938,616.8554077148438,5.266666666666667
158,6,1009,670,1077,831,1043,831,808.2529296875,571.74560546875,5.266666666666667
158,2,1391,679,1445,815,1418,815,1075.325439453125,542.3301391601562,5.266666666666667
159,3,741,693,824,855,782,855,630.6701049804688,618.998046875,5.3
159,6,1014,670,1079,834,1046,834,810.1480712890625,578.4561767578125,5.3
159,2,1388,680,1445,814,1416,814,1074.3951416015625,539.9723510742188,5.3
160,3,746,697,827,857,786,857,633.7800903320312,623.2303466796875,5.333333333333333
160,6,1017,670,1079,835,1048,835,811.46826171875,580.6970825195312,5.333333333333333
160,2,1385,680,1445,816,1415,816,1072.734375,544.5861206054688,5.333333333333333
161,3,751,700,828,859,789,859,636.1975708007812,627.4205932617188,5.366666666666666
161,6,1021,674,1078,838,1049,838,811.958740234375,587.2898559570312,5.366666666666666
161,2,1383,681,1450,819,1416,819,1072.0137939453125,551.5000610351562,5.366666666666666
162,3,754,701,822,857,788,857,635.1315307617188,623.2635498046875,5.4
162,6,1021,677,1080,843,1050,843,812.310302734375,598.1332397460938,5.4
162,2,1380,682,1450,821,1415,821,1070.373291015625,556.0426025390625,5.4
163,3,758,704,829,859,793,859,638.89208984375,627.486572265625,5.433333333333334
163,6,1021,680,1080,845,1050,845,812.1767578125,602.4180297851562,5.433333333333334
163,2,1379,683,1451,823,1415,823,1069.43896484375,560.5756225585938,5.433333333333334
164,3,757,705,828,862,792,862,638.790771484375,633.6344604492188,5.466666666666667
164,6,1024,681,1081,840,1052,840,813.88623046875,591.6924438476562,5.466666666666667
164,2,1377,685,1453,825,1415,825,1068.510498046875,565.080810546875,5.466666666666667
165,3,833,694,913,865,873,865,693.3665161132812,641.0501098632812,5.5
165,6,1024,679,1085,845,1054,845,814.904052734375,602.4867553710938,5.5
165,2,1378,689,1454,824,1416,824,1069.669189453125,562.8500366210938,5.5
166,3,754,705,823,862,788,862,636.1080932617188,633.5692138671875,5.533333333333333
166,6,1023,679,1089,858,1056,858,815.3401489257812,629.751708984375,5.533333333333333
166,2,1381,691,1455,822,1418,822,1071.9971923828125,558.3679809570312,5.533333333333333
167,3,749,703,824,867,786,867,635.73876953125,643.6922607421875,5.566666666666666
167,6,1028,685,1095,844,1061,844,819.7539672851562,600.4685668945312,5.566666666666666
167,2,1383,693,1454,821,1418,821,1072.46826171875,556.09814453125,5.566666666666666
168,3,829,695,899,861,864,861,686.8988037109375,632.7628784179688,5.6
168,6,1037,689,1098,832,1067,832,824.8788452148438,574.4037475585938,5.6
168,2,1385,696,1455,819,1420,819,1074.8155517578125,551.5746459960938,5.6
169,3,743,700,826,873,784,873,635.566650390625,655.653564453125,5.633333333333334
169,6,1046,691,1105,828,1075,828,830.82421875,565.6119995117188,5.633333333333334
169,2,1386,697,1485,827,1435,827,1081.4224853515625,569.9205322265625,5.633333333333334
170,3,740,698,833,876,786,876,637.4533081054688,661.6034545898438,5.666666666666667
170,6,1049,693,1112,828,1080,828,834.3195190429688,565.7033081054688,5.666666666666667
170,2,1388,698,1490,831,1439,831,1082.2591552734375,578.8596801757812,5.666666666666667
171,3,739,697,835,876,787,876,638.1104736328125,661.6189575195312,5.7
171,6,1051,692,1118,829,1084,829,837.0087890625,568.02001953125,5.7
171,2,1389,698,1499,840,1444,840,1081.39306640625,598.5060424804688,5.7
172,3,739,698,838,876,788,876,638.7676391601562,661.634521484375,5.733333333333333
172,6,1049,689,1125,829,1087,829,839.1021728515625,568.0746459960938,5.733333333333333
172,2,1390,697,1506,846,1448,846,1081.2764892578125,611.3202514648438,5.733333333333333
173,3,738,700,836,878,787,878,638.4835815429688,665.5361938476562,5.766666666666667
173,6,1046,688,1130,831,1088,831,839.5791625976562,572.5589599609375,5.766666666666667
173,2,1389,695,1510,848,1449,848,1081.014892578125,615.534912109375,5.766666666666667
174,3,737,702,835,881,786,881,638.3867797851562,671.3546752929688,5.8
174,6,1046,688,1134,830,1090,830,841.0826416015625,570.3655395507812,5.8
174,2,1389,693,1482,843,1435,843,1073.9102783203125,604.7542114257812,5.8
175,3,739,705,832,881,785,881,637.7343139648438,671.3394165039062,5.833333333333333
175,6,1048,689,1140,829,1094,829,843.98583984375,568.2019653320312,5.833333333333333
175,2,1391,692,1483,841,1437,841,1076.18359375,600.5260009765625,5.833333333333333
176,3,738,709,837,884,787,884,639.590087890625,677.15380859375,5.866666666666666
176,6,1051,688,1144,832,1097,832,845.7191772460938,574.9436645507812,5.866666666666666
176,2,1395,689,1492,835,1443,835,1083.0855712890625,587.689208984375,5.866666666666666
177,3,745,714,845,882,795,882,644.4346313476562,673.425048828125,5.9
177,6,1079,688,1148,832,1113,832,856.8251953125,575.2313842773438,5.9
177,2,1397,684,1501,839,1449,839,1085.2593994140625,596.4458618164062,5.9
178,3,758,720,835,880,796,880,644.7340087890625,669.5687255859375,5.933333333333334
178,6,1096,686,1148,831,1122,831,863.215576171875,573.172607421875,5.933333333333334
178,2,1401,681,1507,840,1454,840,1088.170654296875,598.6786499023438,5.933333333333334
179,3,773,723,840,878,806,878,650.9295654296875,665.8290405273438,5.966666666666667
179,6,1105,687,1149,832,1127,832,866.5379028320312,575.4830322265625,5.966666666666667
179,2,1409,668,1515,841,1462,841,1093.1021728515625,600.9559936523438,5.966666666666667
180,3,778,727,859,878,818,878,658.7862548828125,666.013916015625,6.0
180,6,1101,686,1150,832,1125,832,865.1506958007812,575.4470825195312,6.0
180,2,1424,668,1523,843,1473,843,1099.5460205078125,605.403076171875,6.0
181,3,788,693,872,873,830,873,665.907470703125,656.3748779296875,6.033333333333333
181,6,1108,686,1156,831,1132,831,870.1621704101562,573.3529663085938,6.033333333333333
181,2,1438,671,1519,845,1478,845,1101.9171142578125,609.7203369140625,6.033333333333333
182,3,781,690,870,879,825,879,663.517822265625,668.0698852539062,6.066666666666666
182,6,1114,684,1163,833,1138,833,874.0036010742188,577.8933715820312,6.066666666666666
182,2,1453,658,1527,843,1490,843,1111.0040283203125,605.6930541992188,6.066666666666666
183,6,1120,684,1169,832,1144,832,878.3256225585938,575.7883911132812,6.1
183,2,1467,661,1538,842,1502,842,1119.6142578125,603.7736206054688,6.1
183,3,779,688,877,881,828,881,665.7711791992188,671.9951171875,6.1
184,6,1119,684,1177,830,1148,830,881.44580078125,571.415771484375,6.133333333333334
184,2,1475,656,1545,843,1510,843,1124.4755859375,606.0339965820312,6.133333333333334
184,3,778,687,879,882,828,882,665.9169921875,673.9263916015625,6.133333333333334
185,6,1119,683,1181,832,1150,832,882.4843139648438,575.8961791992188,6.166666666666667
185,2,1479,652,1554,843,1516,843,1128.515380859375,606.13623046875,6.166666666666667
185,3,777,687,879,881,828,881,665.7711791992188,671.9951171875,6.166666666666667
186,6,1118,683,1187,835,1152,835,883.3403930664062,582.5472412109375,6.2
186,2,1479,650,1562,847,1520,847,1129.0478515625,614.6329345703125,6.2
186,3,780,687,880,882,830,882,667.2182006835938,673.956787109375,6.2
187,6,1120,684,1204,840,1162,840,889.31298828125,593.6136474609375,6.233333333333333
187,2,1484,650,1571,849,1527,849,1132.6470947265625,618.9263916015625,6.233333333333333
187,3,785,686,887,882,836,882,671.1213989257812,674.0479125976562,6.233333333333333
188,6,1120,684,1210,841,1165,841,891.1797485351562,595.8237915039062,6.266666666666667
188,2,1486,653,1586,853,1536,853,1136.4652099609375,627.3523559570312,6.266666666666667
188,3,786,685,895,882,840,882,673.7230834960938,674.1085815429688,6.266666666666667
189,6,1120,684,1232,845,1176,845,897.9100341796875,604.5787353515625,6.3
189,2,1490,666,1602,859,1546,859,1139.8072509765625,639.7459106445312,6.3
189,3,791,703,899,882,845,882,676.9747314453125,674.1845092773438,6.3
190,6,1122,687,1228,844,1175,844,897.4253540039062,602.4302368164062,6.333333333333333
190,2,1492,683,1611,861,1551,861,1141.9996337890625,643.8546752929688,6.333333333333333
190,3,783,685,844,873,813,873,654.6998901367188,656.1084594726562,6.333333333333333
191,6,1125,688,1226,843,1175,843,897.6202392578125,600.2924194335938,6.366666666666666
191,2,1493,696,1617,861,1555,861,1144.619384765625,643.9185180664062,6.366666666666666
191,3,779,685,840,870,809,870,651.5568237304688,650.079345703125,6.366666666666666
192,6,1127,690,1263,846,1195,846,910.5924072265625,607.027587890625,6.4
192,2,1495,704,1614,860,1554,860,1144.5125732421875,641.8914794921875,6.4
192,3,775,685,834,857,804,857,645.9398193359375,623.5291748046875,6.4
193,6,1132,691,1233,842,1182,842,902.5894775390625,598.2692260742188,6.433333333333334
193,2,1498,709,1616,862,1557,862,1145.3797607421875,645.9555053710938,6.433333333333334
193,3,768,684,829,849,798,849,640.3756713867188,606.6238403320312,6.433333333333334
194,6,1142,692,1242,844,1192,844,908.9822387695312,602.7221069335938,6.466666666666667
194,2,1506,711,1605,860,1555,860,1145.16845703125,641.907470703125,6.466666666666667
194,3,762,683,829,848,795,848,638.1301879882812,604.4432373046875,6.466666666666667
195,6,1157,693,1244,846,1200,846,913.979736328125,607.11279296875,6.5
195,2,1515,712,1596,859,1555,859,1145.7191162109375,639.8905639648438,6.5
195,3,758,684,829,847,793,847,636.5634765625,602.2731323242188,6.5
196,6,1159,694,1247,845,1203,845,916.2339477539062,605.0405883789062,6.533333333333333
196,2,1518,712,1589,857,1553,857,1145.5078125,635.8067016601562,6.533333333333333
196,3,754,683,833,847,793,847,636.5634765625,602.2731323242188,6.533333333333333
197,6,1170,694,1248,844,1209,844,920.5324096679688,603.0138549804688,6.566666666666666
197,2,1518,710,1586,862,1552,862,1142.1099853515625,645.8759765625,6.566666666666666
197,3,752,685,833,847,792,847,635.877685546875,602.2559204101562,6.566666666666666
198,6,1180,694,1247,844,1213,844,923.2491455078125,603.0824584960938,6.6
198,2,1513,707,1587,865,1550,865,1139.18310546875,651.8257446289062,6.6
198,3,750,687,832,848,791,848,635.3911743164062,604.3746337890625,6.6
199,6,1184,692,1248,845,1216,845,925.0505981445312,605.2627563476562,6.633333333333334
199,2,1511,705,1592,867,1551,867,1138.7611083984375,655.8003540039062,6.633333333333334
199,3,749,687,836,849,792,849,636.273681640625,606.5213012695312,6.633333333333334
200,6,1187,693,1247,843,1217,843,926.203125,601.0158081054688,6.666666666666667
200,2,1508,701,1598,867,1553,867,1140.059814453125,655.8316040039062,6.666666666666667
200,3,744,687,832,849,788,849,633.5385131835938,606.4529418945312,6.666666666666667
201,6,1190,693,1246,845,1218,845,926.4066162109375,605.2969360351562,6.7
201,3,741,684,801,848,771,848,621.6906127929688,604.0315551757812,6.7
201,2,1506,698,1622,870,1564,870,1145.5665283203125,661.8970336914062,6.7
202,6,1192,692,1246,847,1219,847,926.60888671875,609.5523071289062,6.733333333333333
202,3,735,681,793,847,764,847,616.6659545898438,601.7737426757812,6.733333333333333
202,2,1505,697,1598,867,1551,867,1138.7611083984375,655.8003540039062,6.733333333333333
203,6,1193,692,1245,847,1219,847,926.60888671875,609.5523071289062,6.766666666666667
203,3,728,680,789,849,758,849,613.0130004882812,605.9400024414062,6.766666666666667
203,2,1505,697,1599,868,1552,868,1138.875244140625,657.7868041992188,6.766666666666667
204,6,1193,692,1244,846,1218,846,926.16943359375,607.4193115234375,6.8
204,3,724,680,784,847,754,847,609.8001708984375,601.6014404296875,6.8
204,2,1506,698,1591,868,1548,868,1136.2813720703125,657.7244873046875,6.8
205,6,1194,693,1244,845,1219,845,927.0846557617188,605.3140258789062,6.833333333333333
205,3,720,678,778,847,749,847,606.366455078125,601.5152587890625,6.833333333333333
205,2,1508,700,1584,867,1546,867,1135.5140380859375,655.7222290039062,6.833333333333333
206,6,1195,693,1245,846,1220,846,927.5233764648438,607.453369140625,6.866666666666666
206,3,716,678,773,838,744,838,600.6660766601562,581.8851928710938,6.866666666666666
206,2,1512,703,1578,867,1545,867,1134.8646240234375,655.7066040039062,6.866666666666666
207,6,1196,694,1246,848,1221,848,927.7219848632812,611.69580078125,6.9
207,3,712,679,774,837,743,837,599.7130126953125,579.6625366210938,6.9
207,2,1513,707,1591,873,1552,873,1136.221923828125,667.5563354492188,6.9
208,6,1197,696,1247,849,1222,849,928.1577758789062,613.81591796875,6.933333333333334
208,3,704,679,773,839,738,839,596.7484741210938,583.9766845703125,6.933333333333334
208,2,1510,710,1582,873,1546,873,1132.358642578125,667.4644775390625,6.933333333333334
209,6,1198,699,1247,851,1222,851,927.6817626953125,618.0036010742188,6.966666666666667
209,3,696,681,777,843,736,843,596.4030151367188,592.6687622070312,6.966666666666667
209,2,1503,714,1614,878,1558,878,1137.441650390625,677.27734375,6.966666666666667
210,6,1198,700,1248,852,1223,852,928.1156616210938,620.104736328125,7.0
210,3,689,682,772,843,730,843,592.2548217773438,592.5637817382812,7.0
210,2,1498,716,1609,882,1553,882,1132.1761474609375,684.8086547851562,7.0
211,6,1198,702,1248,850,1223,850,928.59228515625,615.9296264648438,7.033333333333333
211,3,685,683,763,843,724,843,588.1057739257812,592.458740234375,7.033333333333333
211,2,1493,718,1601,884,1547,884,1127.3463134765625,688.4913330078125,7.033333333333333
212,6,1197,703,1247,853,1222,853,927.20849609375,622.1664428710938,7.066666666666666
212,3,681,683,760,844,720,844,585.615478515625,594.5551147460938,7.066666666666666
212,2,1486,722,1596,886,1541,886,1122.542724609375,692.154052734375,7.066666666666666
213,6,1194,703,1247,853,1220,853,925.8685913085938,622.1332397460938,7.1
213,3,677,683,762,846,719,846,585.4768676757812,598.8509521484375,7.1
213,2,1481,720,1589,887,1535,887,1118.255859375,693.9342041015625,7.1
214,6,1184,703,1247,853,1215,853,922.5184936523438,622.0502319335938,7.133333333333334
214,3,676,683,772,844,724,844,588.3777465820312,594.6248779296875,7.133333333333334
214,2,1479,721,1580,888,1529,888,1113.980224609375,695.709716796875,7.133333333333334
215,6,1180,701,1247,855,1213,855,920.7255859375,626.1563720703125,7.166666666666667
215,3,673,682,766,844,719,844,584.9248657226562,594.5376586914062,7.166666666666667
215,2,1477,719,1574,890,1525,890,1110.49658203125,699.3624267578125,7.166666666666667
216,6,1177,702,1297,863,1237,863,934.7840576171875,642.856689453125,7.2
216,3,670,680,747,842,708,842,576.7477416992188,590.0048828125,7.2
216,2,1473,720,1566,890,1519,890,1106.7210693359375,699.2756958007812,7.2
217,6,1176,702,1297,864,1236,864,933.8820190429688,644.8521118164062,7.233333333333333
217,3,668,680,740,839,704,839,573.0883178710938,583.372802734375,7.233333333333333
217,2,1468,722,1560,890,1514,890,1103.57421875,699.2034301757812,7.233333333333333
218,6,1174,706,1288,867,1231,867,929.879150390625,650.7723999023438,7.266666666666667
218,3,665,679,737,840,701,840,571.2991333007812,585.5136108398438,7.266666666666667
218,2,1464,722,1555,892,1509,892,1099.5,702.8229370117188,7.266666666666667
219,3,661,680,732,843,696,843,568.7322387695312,591.9683837890625,7.3
219,2,1457,722,1551,893,1504,893,1095.9036865234375,704.589599609375,7.3
219,6,1172,708,1281,868,1226,868,926.3681030273438,652.6821899414062,7.3
220,3,658,681,723,837,690,837,562.7118530273438,578.714111328125,7.333333333333333
220,2,1447,723,1534,888,1490,888,1089.361083984375,695.14208984375,7.333333333333333
220,6,1172,710,1285,876,1228,876,925.8483276367188,668.417724609375,7.333333333333333
221,3,654,679,707,833,680,833,554.4160766601562,569.6312255859375,7.366666666666666
221,2,1437,725,1538,891,1487,891,1086.127685546875,700.66259765625,7.366666666666666
221,6,1173,711,1286,879,1229,879,925.8176879882812,674.2294921875,7.366666666666666
222,3,646,680,695,835,670,835,548.0585327148438,573.9161987304688,7.4
222,2,1429,725,1534,892,1481,892,1081.9144287109375,702.4207763671875,7.4
222,6,1173,711,1285,880,1229,880,925.5928344726562,676.1506958007812,7.4
223,3,641,681,690,838,665,838,545.5752563476562,580.4760131835938,7.433333333333334
223,2,1418,723,1523,892,1470,892,1075.00146484375,702.2626953125,7.433333333333334
223,6,1173,711,1282,878,1227,878,924.751220703125,672.2724609375,7.433333333333334
224,3,633,680,689,841,661,841,543.8094482421875,586.9947509765625,7.466666666666667
224,2,1410,722,1515,894,1462,894,1069.13232421875,705.8235473632812,7.466666666666667
224,6,1173,709,1273,872,1223,872,923.5003051757812,660.5333251953125,7.466666666666667
225,3,628,680,716,842,672,842,551.7838745117188,589.3717041015625,7.5
225,2,1406,724,1510,895,1458,895,1066.2093505859375,707.5968627929688,7.5
225,6,1172,696,1274,874,1223,874,923.0533447265625,664.4484252929688,7.5
226,3,626,681,688,841,657,841,541.0284423828125,586.9240112304688,7.533333333333333
226,2,1404,726,1506,898,1455,898,1063.1005859375,713.015625,7.533333333333333
226,6,1172,694,1270,875,1221,875,921.5330810546875,666.3668823242188,7.533333333333333
227,3,623,680,689,841,656,841,540.3331298828125,586.9063720703125,7.566666666666666
227,2,1400,728,1503,900,1451,900,1059.7982177734375,716.575439453125,7.566666666666666
227,6,1173,691,1261,868,1217,868,920.4691772460938,652.5404663085938,7.566666666666666
228,3,620,682,691,845,655,845,541.018798828125,595.5840454101562,7.6
228,2,1394,731,1499,899,1446,899,1057.0867919921875,714.6996459960938,7.6
228,6,1172,667,1269,873,1220,873,921.3242797851562,662.447265625,7.6
229,3,619,683,698,846,658,846,543.4315185546875,597.7935791015625,7.633333333333334
229,2,1389,735,1459,895,1424,895,1044.907470703125,707.1126708984375,7.633333333333334
229,6,1173,676,1259,866,1216,866,920.255126953125,648.5404052734375,7.633333333333334
230,3,615,682,678,836,646,836,531.5805053710938,575.7074584960938,7.666666666666667
230,2,1376,733,1469,898,1422,898,1042.5089111328125,712.5503540039062,7.666666666666667
230,6,1173,679,1252,861,1212,861,918.7210693359375,638.4129028320312,7.666666666666667
231,3,611,682,669,832,640,832,525.8898315429688,566.6575927734375,7.7
231,2,1363,733,1460,900,1411,900,1034.901123046875,716.0151977539062,7.7
231,6,1175,678,1248,858,1211,858,918.7210693359375,632.287109375,7.7
232,3,608,680,662,832,635,832,522.3624267578125,566.566162109375,7.733333333333333
232,2,1349,732,1453,901,1401,901,1028.3125,717.6780395507812,7.733333333333333
232,6,1172,677,1247,857,1209,857,917.6106567382812,630.205810546875,7.733333333333333
233,3,602,677,660,833,631,833,519.9228515625,568.7394409179688,7.766666666666667
233,2,1337,731,1443,902,1390,902,1021.1184692382812,719.3229370117188,7.766666666666667
233,6,1165,673,1244,856,1204,856,914.494873046875,628.0689697265625,7.766666666666667
234,3,599,677,654,834,626,834,516.7868041992188,570.88818359375,7.8
234,2,1328,730,1434,902,1381,902,1015.5240478515625,719.197509765625,7.8
234,6,1161,674,1242,855,1201,855,912.7062377929688,625.9584350585938,7.8
235,3,595,678,691,843,643,843,532.0101318359375,591.0390014648438,7.833333333333333
235,2,1315,729,1427,903,1371,903,1008.97412109375,720.8527221679688,7.833333333333333
235,6,1156,674,1242,860,1199,860,910.3175048828125,636.1717529296875,7.833333333333333
236,3,592,678,690,844,641,844,530.9826049804688,593.17529296875,7.866666666666666
236,2,1307,729,1420,902,1363,902,1004.3304443359375,718.9466552734375,7.866666666666666
236,6,1186,685,1247,862,1216,862,921.1458740234375,640.5017700195312,7.866666666666666
237,3,589,678,681,839,635,839,524.9867553710938,582.14501953125,7.9
237,2,1304,731,1393,901,1348,901,995.31103515625,716.9369506835938,7.9
237,6,1183,686,1247,861,1215,861,920.7079467773438,638.4613037109375,7.9
238,3,582,678,643,825,612,825,503.2683410644531,550.2153930664062,7.933333333333334
238,2,1302,732,1365,896,1333,896,987.4763793945312,707.6456298828125,7.933333333333334
238,6,1148,684,1256,864,1202,864,911.4661254882812,644.3091430664062,7.933333333333334
239,3,574,679,639,823,606,823,498.1424255371094,545.4862670898438,7.966666666666667
239,2,1286,731,1357,895,1321,895,980.2367553710938,705.6426391601562,7.966666666666667
239,6,1150,695,1256,865,1203,865,911.9158325195312,646.3325805664062,7.966666666666667
240,3,565,679,635,825,600,825,494.7000427246094,549.9900512695312,8.0
240,2,1272,733,1344,896,1308,896,971.7756958007812,707.2894287109375,8.0
240,6,1153,700,1252,866,1202,866,911.0487670898438,648.3182983398438,8.0
241,3,558,679,630,823,594,823,489.5453186035156,545.2591552734375,8.033333333333333
241,2,1257,731,1348,898,1302,898,967.4507446289062,710.8545532226562,8.033333333333333
241,6,1188,701,1251,863,1219,863,922.903076171875,642.5682983398438,8.033333333333333
242,3,554,678,624,822,589,822,485.519775390625,542.84423828125,8.066666666666666
242,2,1246,731,1344,899,1295,899,962.7933959960938,712.5735473632812,8.066666666666666
242,6,1189,701,1253,862,1221,862,924.4519653320312,640.5822143554688,8.066666666666666
243,3,553,677,619,821,586,821,482.91900634765625,540.4594116210938,8.1
243,2,1233,731,1344,900,1288,900,958.1478881835938,714.2880859375,8.1
243,6,1188,701,1246,863,1217,863,921.58251953125,642.5362548828125,8.1
244,3,554,676,615,819,584,819,480.5777893066406,535.7433471679688,8.133333333333333
244,2,1217,732,1339,900,1278,900,951.8948364257812,714.1473999023438,8.133333333333333
244,6,1190,701,1244,863,1217,863,921.58251953125,642.5362548828125,8.133333333333333
245,3,555,676,646,824,600,824,494.2728576660156,547.6849975585938,8.166666666666666
245,2,1203,724,1331,899,1267,899,945.2595825195312,712.1781616210938,8.166666666666666
245,6,1192,702,1248,868,1220,868,922.4356689453125,652.5877075195312,8.166666666666666
246,3,551,675,649,827,600,827,495.5504455566406,554.57861328125,8.2
246,2,1193,709,1325,900,1259,900,940.0086669921875,713.8799438476562,8.2
246,6,1194,702,1264,887,1229,887,924.0366821289062,689.447265625,8.2
247,3,548,673,621,821,584,821,481.4808654785156,540.4212646484375,8.233333333333333
247,2,1190,701,1318,897,1254,897,937.583984375,708.349365234375,8.233333333333333
247,6,1195,699,1275,893,1235,893,926.521484375,700.7238159179688,8.233333333333333
248,3,547,674,624,822,585,822,482.648193359375,542.7681884765625,8.266666666666667
248,2,1191,700,1304,890,1247,890,934.8079833984375,695.3282470703125,8.266666666666667
248,6,1196,699,1273,893,1234,893,925.8890991210938,700.7094116210938,8.266666666666667
249,3,545,674,622,824,583,824,482.109130859375,547.3643798828125,8.3
249,6,1193,699,1272,892,1232,892,924.84375,698.8287353515625,8.3
250,3,544,673,635,824,589,824,486.4030456542969,547.4776000976562,8.333333333333334
250,6,1189,699,1275,894,1232,894,924.4055786132812,702.5271606445312,8.333333333333334
251,3,544,672,638,827,591,827,489.14202880859375,554.4108276367188,8.366666666666667
251,6,1189,698,1279,893,1234,893,925.8890991210938,700.7094116210938,8.366666666666667
252,3,543,671,639,829,591,829,490.0071716308594,558.97216796875,8.4
252,6,1185,698,1289,890,1237,890,928.4594116210938,695.1824340820312,8.4
253,3,538,669,636,822,587,822,484.08404541015625,542.8062133789062,8.433333333333334
253,6,1204,699,1287,878,1245,878,936.3757934570312,672.5460205078125,8.433333333333334
254,3,534,668,584,814,559,814,460.1079406738281,523.4285888671875,8.466666666666667
254,6,1213,696,1285,866,1249,866,941.939208984375,649.0634155273438,8.466666666666667
255,3,530,668,582,813,556,813,457.4307861328125,520.9801025390625,8.5
255,6,1168,713,1224,871,1196,871,906.0974731445312,658.1464233398438,8.5
256,3,527,668,580,812,553,812,454.7448425292969,518.5235595703125,8.533333333333333
256,6,1163,711,1225,862,1194,862,906.592529296875,640.1478271484375,8.533333333333333
257,3,521,670,579,810,550,810,451.5445861816406,513.6458740234375,8.566666666666666
257,6,1157,709,1246,858,1201,858,912.0673828125,632.1239624023438,8.566666666666666
258,3,516,672,578,810,547,810,449.34625244140625,513.5861206054688,8.6
258,6,1148,710,1245,858,1196,858,908.7396850585938,632.0422973632812,8.6
259,3,514,675,579,809,546,809,448.1016540527344,511.1451110839844,8.633333333333333
259,6,1139,709,1258,887,1198,887,904.25537109375,688.990234375,8.633333333333333
260,3,511,681,578,810,544,810,447.14764404296875,513.5264282226562,8.666666666666666
260,6,1134,712,1233,878,1183,878,896.3072509765625,671.6031494140625,8.666666666666666
261,3,509,685,580,810,544,810,447.14764404296875,513.5264282226562,8.7
261,6,1131,713,1217,868,1174,868,892.2616577148438,651.8629150390625,8.7
262,3,508,688,581,811,544,811,447.66015625,515.93994140625,8.733333333333333
262,6,1127,714,1202,864,1164,864,886.3833618164062,643.70166015625,8.733333333333333
263,3,508,691,610,814,559,814,460.1079406738281,523.4285888671875,8.766666666666667
263,6,1121,715,1193,864,1157,864,881.7594604492188,643.5896606445312,8.766666666666667
264,3,507,693,615,814,561,814,461.5635070800781,523.4677734375,8.8
264,6,1115,716,1189,864,1152,864,878.4559936523438,643.5096435546875,8.8
265,3,507,694,618,814,562,814,462.291259765625,523.4873657226562,8.833333333333334
265,6,1111,715,1188,864,1149,864,876.4736328125,643.4616088867188,8.833333333333334
266,3,507,695,617,813,562,813,461.8046875,521.09814453125,8.866666666666667
266,6,1115,706,1187,862,1151,862,878.1168823242188,639.4552612304688,8.866666666666667
267,3,507,693,609,813,558,813,458.88885498046875,521.0194702148438,8.9
267,6,1117,691,1188,861,1152,861,878.9420166015625,637.443359375,8.9
268,3,507,690,614,813,560,813,460.3468322753906,521.058837890625,8.933333333333334
268,6,1119,679,1189,861,1154,861,880.269287109375,637.4757080078125,8.933333333333334
269,3,508,687,615,809,561,809,459.1091613769531,511.4447937011719,8.966666666666667
269,6,1126,665,1196,859,1161,859,885.2578125,633.5160522460938,8.966666666666667
270,3,510,683,618,808,564,808,460.8179016113281,509.0771789550781,9.0
270,6,1129,654,1204,859,1166,859,888.58447265625,633.5974731445312,9.0
271,3,511,680,623,807,567,807,462.5319519042969,506.7022399902344,9.033333333333333
271,6,1126,649,1210,859,1168,859,889.9149780273438,633.6300659179688,9.033333333333333
272,3,514,675,629,807,571,807,465.4751281738281,506.78271484375,9.066666666666666
272,6,1124,645,1218,860,1171,860,891.7286376953125,635.7177124023438,9.066666666666666
273,3,519,670,628,805,573,805,465.97607421875,501.93011474609375,9.1
273,6,1123,649,1217,859,1170,859,891.2454223632812,633.66259765625,9.1
274,3,526,666,622,803,574,803,465.7397766113281,497.0260314941406,9.133333333333333
274,6,1122,652,1221,856,1171,856,892.4595947265625,627.5263061523438,9.133333333333333
275,3,538,660,622,800,580,800,468.7304382324219,489.70343017578125,9.166666666666666
275,6,1127,650,1220,845,1173,845,895.873046875,604.5274047851562,9.166666666666666
276,3,553,657,623,794,588,794,471.7939453125,474.7622375488281,9.2
276,6,1122,634,1222,855,1172,855,893.312744140625,625.4798583984375,9.2
277,3,566,656,637,789,601,789,479.1874694824219,462.2244873046875,9.233333333333333
277,6,1119,638,1222,858,1170,858,891.4268798828125,631.6177368164062,9.233333333333333
278,3,574,655,646,767,610,767,475.3545227050781,403.44775390625,9.266666666666667
278,6,1121,646,1223,847,1172,847,894.813232421875,608.75439453125,9.266666666666667
279,3,569,711,655,882,612,882,524.888916015625,670.6348876953125,9.3
279,6,1122,649,1225,851,1173,851,894.7315673828125,617.1835327148438,9.3
280,3,560,683,668,884,614,884,526.89013671875,674.5341796875,9.333333333333334
280,6,1121,638,1228,850,1174,850,895.5943603515625,615.106689453125,9.333333333333334
281,3,545,709,639,884,592,884,512.5132446289062,674.2000122070312,9.366666666666667
281,6,1117,646,1229,852,1173,852,894.5432739257812,619.27099609375,9.366666666666667
282,3,584,664,678,802,631,802,507.4813537597656,495.7194519042969,9.4
282,6,1113,664,1232,850,1172,850,894.2463989257812,615.0731201171875,9.4
283,3,588,668,677,802,632,802,508.2214660644531,495.73992919921875,9.433333333333334
283,6,1112,678,1236,852,1174,852,895.2152709960938,619.2877197265625,9.433333333333334
284,3,596,669,684,801,640,801,513.7301025390625,493.4266052246094,9.466666666666667
284,6,1116,691,1239,852,1177,852,897.2311401367188,619.3377685546875,9.466666666666667
285,3,602,670,692,802,647,802,519.3198852539062,496.0467529296875,9.5
285,6,1121,698,1240,852,1180,852,899.246826171875,619.3878173828125,9.5
286,3,606,669,696,799,651,799,521.0805053710938,488.676025390625,9.533333333333333
286,6,1130,700,1244,852,1187,852,903.94921875,619.5045776367188,9.533333333333333
287,3,609,668,695,795,652,795,520.2130126953125,478.646484375,9.566666666666666
287,6,1142,702,1244,850,1193,850,908.3959350585938,615.4259643554688,9.566666666666666
288,3,608,665,693,792,650,792,517.4874877929688,470.9795227050781,9.6
288,6,1159,701,1244,847,1201,847,914.4378051757812,609.2468872070312,9.6
289,3,608,659,692,792,650,792,517.4874877929688,470.9795227050781,9.633333333333333
289,6,1172,699,1245,848,1208,848,918.9461669921875,611.4760131835938,9.633333333333333
290,3,609,653,691,796,650,796,519.1239013671875,481.1294860839844,9.666666666666666
290,6,1182,698,1245,850,1213,850,921.8624267578125,615.7617797851562,9.666666666666666
291,3,615,647,692,792,653,792,519.742919921875,471.04327392578125,9.7
291,6,1193,696,1255,850,1224,850,929.2651977539062,615.9464111328125,9.7
292,3,621,641,691,791,656,791,521.5930786132812,468.5491027832031,9.733333333333333
292,6,1196,694,1263,851,1229,851,932.384521484375,618.12060546875,9.733333333333333
293,3,625,636,689,788,657,788,521.126708984375,460.8461608886719,9.766666666666667
293,6,1196,695,1270,853,1233,853,934.5762329101562,622.3490600585938,9.766666666666667
294,3,631,624,688,788,659,788,522.6399536132812,460.8893127441406,9.8
294,6,1197,695,1279,856,1238,856,937.1725463867188,628.6275024414062,9.8
295,3,631,620,694,790,662,790,525.7113037109375,466.1112365722656,9.833333333333334
295,6,1197,693,1300,864,1248,864,941.7875366210938,645.0435791015625,9.833333333333334
296,3,641,619,698,787,669,787,529.8106079101562,458.51422119140625,9.866666666666667
296,6,1201,692,1310,867,1255,867,945.6211547851562,651.1513671875,9.866666666666667
297,3,643,615,697,789,670,789,531.3523559570312,463.70880126953125,9.9
297,6,1207,691,1317,866,1262,866,950.4749755859375,649.269287109375,9.9
298,3,653,609,697,787,675,787,534.3556518554688,458.6441345214844,9.933333333333334
298,6,1212,693,1304,861,1258,861,949.1649780273438,639.1548461914062,9.933333333333334
299,3,660,610,700,783,680,783,536.6091918945312,448.30633544921875,9.966666666666667
299,6,1217,693,1294,857,1255,857,948.2360229492188,630.95849609375,9.966666666666667
300,3,666,620,709,781,687,781,541.1886596679688,443.18597412109375,10.0
300,6,1222,692,1291,855,1256,855,949.4354858398438,626.8648681640625,10.0
301,3,668,627,734,779,701,779,551.166748046875,438.18878173828125,10.033333333333333
301,6,1233,690,1291,849,1262,849,955.095458984375,614.4891357421875,10.033333333333333
302,3,672,631,744,774,708,774,554.745361328125,424.9226989746094,10.066666666666666
302,6,1242,688,1296,851,1269,851,959.2362060546875,618.7888793945312,10.066666666666666
303,3,675,629,748,774,711,774,557.0648803710938,424.990966796875,10.1
303,6,1250,688,1303,852,1276,852,963.64111328125,620.9869995117188,10.1
304,3,676,634,739,778,707,778,555.410888671875,435.6561584472656,10.133333333333333
304,6,1251,689,1311,852,1281,852,966.9893188476562,621.0701904296875,10.133333333333333
305,3,674,636,734,776,704,776,552.3819580078125,430.2284851074219,10.166666666666666
305,6,1250,687,1321,854,1285,854,969.0714111328125,625.27978515625,10.166666666666666
306,3,673,638,750,793,711,793,563.6340942382812,474.8193664550781,10.2
306,6,1248,688,1330,858,1289,858,970.544189453125,633.55810546875,10.2
307,3,677,642,746,787,711,787,561.604248046875,459.4229431152344,10.233333333333333
307,6,1251,689,1338,864,1294,864,972.0631103515625,645.77685546875,10.233333333333333
308,3,639,638,754,790,696,790,551.3314819335938,466.8385925292969,10.266666666666667
308,6,1252,689,1343,864,1297,864,974.0360107421875,645.8246459960938,10.266666666666667
309,3,635,639,755,785,695,785,548.772216796875,453.87384033203125,10.3
309,6,1253,674,1348,865,1300,865,975.706298828125,647.8744506835938,10.3
310,3,640,640,754,782,697,782,549.200439453125,446.0481262207031,10.333333333333334
310,6,1251,669,1351,864,1301,864,976.666259765625,645.8883666992188,10.333333333333334
311,3,649,641,754,778,701,778,550.80224609375,435.5217590332031,10.366666666666667
311,6,1266,666,1352,864,1309,864,981.9256591796875,646.0157470703125,10.366666666666667
312,3,660,642,752,773,706,773,552.8347778320312,422.1652526855469,10.4
312,6,1276,666,1351,863,1313,863,984.8705444335938,644.0723266601562,10.4
313,3,671,642,746,769,708,769,552.9259033203125,411.2712707519531,10.433333333333334
313,6,1280,667,1354,859,1317,859,988.79052734375,636.0499267578125,10.433333333333334
314,3,679,642,739,766,709,766,552.6030883789062,402.9914245605469,10.466666666666667
314,6,1283,668,1352,859,1317,859,988.79052734375,636.0499267578125,10.466666666666667
315,3,683,640,736,766,709,766,552.6030883789062,402.9914245605469,10.5
315,6,1283,668,1353,862,1318,862,988.4827270507812,642.1395263671875,10.5
316,3,683,638,736,767,709,767,552.9718627929688,405.7685852050781,10.533333333333333
316,6,1289,668,1366,864,1327,864,993.75439453125,646.30224609375,10.533333333333333
317,3,681,639,730,765,705,765,549.0919189453125,400.1103515625,10.566666666666666
317,6,1295,669,1353,862,1324,862,992.4366455078125,642.2357177734375,10.566666666666666
318,3,678,638,733,765,705,765,549.0919189453125,400.1103515625,10.6
318,6,1295,669,1350,864,1322,864,990.4693603515625,646.2227172851562,10.6
319,3,676,638,733,765,704,765,548.3065185546875,400.0867614746094,10.633333333333333
319,6,1293,669,1352,861,1322,861,991.4448852539062,640.185302734375,10.633333333333333
320,3,676,638,734,765,705,765,549.0919189453125,400.1103515625,10.666666666666666
320,6,1288,668,1356,861,1322,861,991.4448852539062,640.185302734375,10.666666666666666
321,3,675,638,736,765,705,765,549.0919189453125,400.1103515625,10.7
321,6,1284,669,1360,864,1322,864,990.4693603515625,646.2227172851562,10.7
322,3,675,638,737,764,706,764,549.5017700195312,397.33734130859375,10.733333333333333
322,6,1278,669,1367,863,1322,863,990.7935791015625,644.216064453125,10.733333333333333
323,3,674,639,736,754,705,754,544.8745727539062,368.80755615234375,10.766666666666667
323,6,1271,669,1374,863,1322,863,990.7935791015625,644.216064453125,10.766666666666667
324,3,677,638,739,754,708,754,547.276123046875,368.8815612792969,10.8
324,6,1268,666,1387,866,1327,866,993.0992431640625,650.2974243164062,10.8
325,3,669,638,739,758,704,758,545.6318359375,380.3048095703125,10.833333333333334
325,6,1265,664,1391,866,1328,866,993.7543334960938,650.313232421875,10.833333333333334
326,3,632,658,743,834,687,834,559.6594848632812,571.9942016601562,10.866666666666667
326,6,1263,663,1400,869,1331,869,994.732421875,656.3094482421875,10.866666666666667
327,3,648,644,752,835,700,835,569.090087890625,574.4576416015625,10.9
327,6,1279,682,1378,870,1328,870,992.45166015625,658.2342529296875,10.9
328,3,660,638,760,833,710,833,575.5054321289062,570.1763916015625,10.933333333333334
328,6,1259,669,1406,872,1332,872,994.4034423828125,662.2224731445312,10.933333333333334
329,3,670,637,763,832,716,832,579.4306030273438,568.044677734375,10.966666666666667
329,6,1256,664,1401,865,1328,865,994.0823364257812,648.318603515625,10.966666666666667
330,3,675,634,763,829,719,829,580.6755981445312,561.3363037109375,11.0
330,6,1249,660,1328,793,1288,793,991.1914672851562,486.87738037109375,11.0
331,3,676,634,765,830,720,830,581.670654296875,563.615966796875,11.033333333333333
331,6,1247,659,1325,792,1286,792,990.0857543945312,484.33740234375,11.033333333333333
332,3,677,666,769,830,723,830,583.7874755859375,563.6710815429688,11.066666666666666
332,6,1249,659,1323,793,1286,793,989.72509765625,486.83599853515625,11.066666666666666
333,3,677,647,775,832,726,832,586.4649658203125,568.2269287109375,11.1
333,6,1252,659,1322,794,1287,794,990.0975952148438,489.3471374511719,11.1
334,3,684,681,776,831,730,831,589.0023193359375,566.0531616210938,11.133333333333333
334,6,1313,691,1394,866,1353,866,1010.1235961914062,650.7080688476562,11.133333333333333
335,3,678,657,781,829,729,829,587.7420043945312,561.5205078125,11.166666666666666
335,6,1318,691,1391,861,1354,861,1012.5513916015625,640.69970703125,11.166666666666666
336,3,674,645,786,813,730,813,583.8912963867188,524.393310546875,11.2
336,6,1327,692,1392,858,1359,858,1016.9381713867188,634.6958618164062,11.2
337,3,671,639,789,785,730,785,575.3331298828125,454.6363830566406,11.233333333333333
337,6,1333,691,1395,856,1364,856,1020.9901733398438,630.6917114257812,11.233333333333333
338,3,673,637,800,818,736,818,589.65234375,536.3175659179688,11.266666666666667
338,6,1339,691,1402,854,1370,854,1025.7310791015625,626.6810302734375,11.266666666666667
339,3,673,638,806,826,739,826,593.99853515625,554.8826293945312,11.3
339,6,1344,689,1405,852,1374,852,1029.1640625,622.6142578125,11.3
340,3,674,636,811,829,742,829,596.9246215820312,561.7599487304688,11.333333333333334
340,6,1348,688,1410,851,1379,851,1032.893310546875,620.6219482421875,11.333333333333334
341,3,674,634,765,756,719,756,556.81884765625,374.93084716796875,11.366666666666667
341,6,1354,686,1417,852,1385,852,1036.50537109375,622.7965698242188,11.366666666666667
342,3,678,633,767,756,722,756,559.2106323242188,375.0041809082031,11.4
342,6,1357,686,1423,853,1390,853,1039.4398193359375,624.9478149414062,11.4
343,3,687,635,777,802,732,802,582.0963745117188,497.7823486328125,11.433333333333334
343,6,1250,648,1303,788,1276,788,984.14697265625,474.05035400390625,11.433333333333334
344,3,690,632,801,776,745,776,583.95654296875,431.15350341796875,11.466666666666667
344,6,1360,688,1437,854,1398,854,1044.3603515625,627.1417236328125,11.466666666666667
345,3,701,633,788,766,744,766,580.0197143554688,403.8130798339844,11.5
345,6,1365,690,1437,854,1401,854,1046.3553466796875,627.1911010742188,11.5
346,3,717,646,830,827,773,827,618.3421630859375,557.7941284179688,11.533333333333333
346,6,1373,692,1437,851,1405,851,1050.263671875,621.0542602539062,11.533333333333333
347,3,721,645,832,827,776,827,620.4649658203125,557.8496704101562,11.566666666666666
347,6,1379,692,1439,850,1409,850,1053.3572998046875,619.0411376953125,11.566666666666666
348,3,725,643,835,827,780,827,623.2949829101562,557.923828125,11.6
348,6,1242,643,1330,789,1286,789,991.1748046875,476.7926025390625,11.6
349,3,728,638,799,826,763,826,611.021240234375,555.329345703125,11.633333333333333
349,6,1239,644,1326,789,1282,789,988.22265625,476.7085876464844,11.633333333333333
350,3,727,636,802,829,764,829,612.4549560546875,562.1649169921875,11.666666666666666
350,6,1232,645,1318,788,1275,788,983.407470703125,474.0292663574219,11.666666666666666
351,3,723,635,803,830,763,830,611.990478515625,564.4048461914062,11.7
351,6,1227,646,1310,785,1268,785,979.2684936523438,466.2330627441406,11.7
352,3,723,633,807,831,765,831,613.6378173828125,566.6927490234375,11.733333333333333
352,6,1220,647,1306,783,1263,783,976.2371215820312,460.98443603515625,11.733333333333333
353,3,726,637,813,832,769,832,616.6845703125,569.0098876953125,11.766666666666667
353,6,1219,647,1313,786,1266,786,977.4370727539062,468.7484436035156,11.766666666666667
354,3,731,635,819,832,775,832,620.897705078125,569.1190185546875,11.8
354,6,1214,647,1315,788,1264,788,975.2714233398438,473.7972717285156,11.8
355,3,734,630,868,832,801,832,639.1443481445312,569.5917358398438,11.833333333333334
355,6,1213,647,1317,788,1265,788,976.01123046875,473.818359375,11.833333333333334
356,3,742,630,869,834,805,834,642.33642578125,574.1270751953125,11.866666666666667
356,6,1212,647,1316,787,1264,787,975.6115112304688,471.2557678222656,11.866666666666667
357,3,752,632,873,832,812,832,646.8590698242188,569.7916259765625,11.9
357,6,1213,645,1317,785,1265,785,977.0383911132812,466.1690673828125,11.9
358,3,758,662,869,828,813,828,646.815185546875,560.8037719726562,11.933333333333334
358,6,1217,646,1315,781,1266,781,979.1721801757812,455.8734436035156,11.933333333333334
359,3,755,651,870,835,812,835,647.4151611328125,576.4739379882812,11.966666666666667
359,6,1224,647,1315,782,1269,782,981.0638427734375,458.5302429199219,11.966666666666667
360,3,760,639,873,834,816,834,650.0263671875,574.325439453125,12.0
360,6,1228,649,1314,784,1271,784,981.8502197265625,463.73101806640625,12.0
361,3,769,635,873,834,821,834,653.5208129882812,574.4155883789062,12.033333333333333
361,6,1229,651,1315,785,1272,785,982.2415161132812,466.31842041015625,12.033333333333333
362,3,781,633,862,831,821,831,652.9922485351562,567.7145385742188,12.066666666666666
362,6,1230,653,1316,784,1273,784,983.3390502929688,463.77386474609375,12.066666666666666
363,3,788,642,872,830,830,830,659.1423950195312,565.6317138671875,12.1
363,6,1435,695,1518,859,1476,859,1093.7659912109375,638.6190795898438,12.1
364,3,789,639,882,829,835,829,662.4942016601562,563.4696655273438,12.133333333333333
364,6,1439,695,1528,865,1483,865,1095.50244140625,650.7699584960938,12.133333333333333
365,3,790,651,892,828,841,828,666.5606689453125,561.3197021484375,12.166666666666666
365,6,1440,696,1531,867,1485,867,1095.8575439453125,654.7676391601562,12.166666666666666
366,3,790,658,898,830,844,830,668.9811401367188,565.8876953125,12.2
366,6,1441,698,1530,867,1485,867,1095.8575439453125,654.7676391601562,12.2
367,3,791,666,901,831,846,831,670.5364379882812,568.1700439453125,12.233333333333333
367,6,1442,700,1529,867,1485,867,1095.8575439453125,654.7676391601562,12.233333333333333
368,3,792,671,916,832,854,832,676.2883911132812,570.5540771484375,12.266666666666667
368,6,1441,703,1527,866,1484,866,1095.6802978515625,652.771728515625,12.266666666666667
369,3,793,675,932,833,862,833,682.0210571289062,572.9301147460938,12.3
369,6,1438,704,1525,865,1481,865,1094.197021484375,650.7384033203125,12.3
370,3,794,681,929,832,861,832,681.1890869140625,570.6810302734375,12.333333333333334
370,6,1435,704,1523,865,1479,865,1092.8916015625,650.7068481445312,12.333333333333334
371,3,796,681,929,833,862,833,682.0210571289062,572.9301147460938,12.366666666666667
371,6,1432,704,1515,865,1473,865,1088.9747314453125,650.6121826171875,12.366666666666667
372,3,798,666,932,833,865,833,684.1177368164062,572.9843139648438,12.4
372,6,1427,703,1510,865,1468,865,1085.7100830078125,650.5333251953125,12.4
373,3,804,662,938,833,871,833,688.3103637695312,573.0927124023438,12.433333333333334
373,6,1423,702,1513,866,1468,866,1085.250244140625,652.5201416015625,12.433333333333334
374,3,812,656,946,833,879,833,693.899169921875,573.2371826171875,12.466666666666667
374,6,1421,702,1514,866,1467,866,1084.59814453125,652.5044555664062,12.466666666666667
375,3,822,659,937,833,879,833,693.899169921875,573.2371826171875,12.5
375,6,1419,701,1515,868,1467,868,1083.684326171875,656.4610595703125,12.5
376,3,835,687,892,830,863,830,682.3260498046875,566.2349243164062,12.533333333333333
376,6,1416,703,1515,867,1465,867,1082.8382568359375,654.4542846679688,12.533333333333333
377,3,874,649,941,769,907,769,707.5244140625,415.8728942871094,12.566666666666666
377,6,1414,704,1498,864,1456,864,1078.3226318359375,648.3505859375,12.566666666666666
378,6,1411,705,1502,865,1456,865,1077.8726806640625,650.3438720703125,12.6
378,3,873,655,939,775,906,775,707.3678588867188,432.0960998535156,12.6
379,6,1410,706,1486,863,1448,863,1073.5321044921875,646.2242431640625,12.633333333333333
379,3,886,643,944,771,915,771,713.8982543945312,421.5076599121094,12.633333333333333
380,6,1409,705,1475,855,1442,855,1073.1502685546875,629.9180297851562,12.666666666666666
380,3,855,669,933,830,894,830,704.0803833007812,566.8009033203125,12.666666666666666
381,6,1403,704,1493,864,1448,864,1073.0885009765625,648.2238159179688,12.7
381,3,857,680,940,830,898,830,706.8856811523438,566.8739013671875,12.7
382,6,1397,706,1494,866,1445,866,1070.2474365234375,652.1582641601562,12.733333333333333
382,3,859,672,926,825,892,825,702.1713256835938,555.4463500976562,12.733333333333333
383,6,1393,707,1499,869,1446,869,1069.5899658203125,658.1038818359375,12.766666666666667
383,3,907,631,954,770,930,770,725.388671875,419.1309814453125,12.766666666666667
384,6,1387,707,1495,869,1441,869,1066.341064453125,658.0260009765625,12.8
384,3,909,629,956,769,932,769,726.8628540039062,416.4485168457031,12.8
385,6,1384,708,1490,869,1437,869,1063.74169921875,657.9636840820312,12.833333333333334
385,3,883,628,958,827,920,827,722.0963745117188,560.5110473632812,12.833333333333334
386,6,1377,709,1487,870,1432,870,1060.0706787109375,659.851806640625,12.866666666666667
386,3,901,634,966,811,933,811,730.3167114257812,523.6021728515625,12.866666666666667
387,6,1373,712,1482,868,1427,868,1057.6591796875,655.8359375,12.9
387,3,910,638,971,789,940,789,734.1918334960938,469.48040771484375,12.9
388,6,1370,712,1480,867,1425,867,1056.774169921875,653.826904296875,12.933333333333334
388,3,922,640,961,757,941,757,733.1113891601562,383.1872253417969,12.933333333333334
389,6,1365,713,1477,868,1421,868,1053.7525634765625,655.7420654296875,12.966666666666667
389,3,868,665,936,826,902,826,709.3297729492188,557.9091796875,12.966666666666667
390,6,1361,716,1474,868,1417,868,1051.147705078125,655.6795043945312,13.0
390,3,870,663,934,826,902,826,709.3297729492188,557.9091796875,13.0
391,6,1360,718,1472,867,1416,867,1050.905029296875,653.6856079101562,13.033333333333333
391,3,872,662,933,828,902,828,709.5107421875,562.4420166015625,13.033333333333333
392,6,1359,719,1471,868,1415,868,1049.8450927734375,655.6482543945312,13.066666666666666
392,3,873,663,933,828,903,828,710.214111328125,562.4603881835938,13.066666666666666
393,6,1361,719,1471,867,1416,867,1050.905029296875,653.6856079101562,13.1
393,3,874,663,935,828,904,828,710.9174194335938,562.478759765625,13.1
394,6,1363,723,1471,866,1417,866,1051.968017578125,651.7173461914062,13.133333333333333
394,3,874,663,937,828,905,828,711.6207275390625,562.4971313476562,13.133333333333333
395,6,1367,719,1469,865,1418,865,1053.0340576171875,649.7434692382812,13.166666666666666
395,3,874,662,939,830,906,830,712.4951171875,567.0198974609375,13.166666666666666
396,6,1371,713,1474,865,1422,865,1055.650146484375,649.8067016601562,13.2
396,3,874,663,939,831,906,831,712.580322265625,569.2616577148438,13.2
397,6,1372,713,1466,864,1419,864,1054.1031494140625,647.7639770507812,13.233333333333333
397,3,874,663,938,831,906,831,712.580322265625,569.2616577148438,13.233333333333333
398,6,1374,714,1472,864,1423,864,1056.722900390625,647.827392578125,13.266666666666667
398,3,874,663,937,832,905,832,711.96630859375,571.4783935546875,13.266666666666667
399,6,1249,636,1316,770,1282,770,995.2817993164062,427.1460876464844,13.3
399,3,874,662,937,832,905,832,711.96630859375,571.4783935546875,13.3
400,6,1249,636,1312,769,1280,769,994.1400756835938,424.4040222167969,13.333333333333334
400,3,875,663,935,834,905,834,712.1375732421875,575.9277954101562,13.333333333333334
401,6,1251,635,1310,770,1280,770,993.758544921875,427.1008605957031,13.366666666666667
401,3,875,663,934,836,904,836,711.613037109375,580.3320922851562,13.366666666666667
402,6,1253,632,1315,773,1284,773,995.65283203125,435.22650146484375,13.4
402,3,875,664,932,837,903,837,711.005126953125,582.515380859375,13.4
403,6,1257,631,1314,771,1285,771,997.1798706054688,429.9012756347656,13.433333333333334
403,3,876,665,930,836,903,836,710.9183349609375,580.3142700195312,13.433333333333334
404,6,1261,630,1315,770,1288,770,999.8508911132812,427.28179931640625,13.466666666666667
404,3,876,665,930,835,903,835,710.8312377929688,578.1064453125,13.466666666666667
405,6,1261,628,1317,770,1289,770,1000.6123046875,427.3044128417969,13.5
405,3,875,665,929,835,902,835,710.1354370117188,578.0885009765625,13.5
406,6,1262,627,1318,770,1290,770,1001.3737182617188,427.3270263671875,13.533333333333333
406,3,875,666,931,836,903,836,710.9183349609375,580.3142700195312,13.533333333333333
407,6,1266,627,1318,772,1292,772,1002.106689453125,432.7366027832031,13.566666666666666
407,3,875,667,931,836,903,836,710.9183349609375,580.3142700195312,13.566666666666666
408,6,1270,627,1320,772,1295,772,1004.3828735351562,432.80389404296875,13.6
408,3,874,670,931,836,902,836,710.2235717773438,580.29638671875,13.6
409,6,1275,632,1323,775,1299,775,1006.2161865234375,440.87103271484375,13.633333333333333
409,3,875,670,929,837,902,837,710.3114624023438,582.49755859375,13.633333333333333
410,6,1278,634,1326,768,1302,768,1011.3287963867188,422.1994323730469,13.666666666666666
410,3,874,671,925,837,899,837,708.2302856445312,582.4442138671875,13.666666666666666
411,6,1280,636,1330,767,1305,767,1014.0357055664062,419.5549011230469,13.7
411,3,874,669,922,837,898,837,707.5365600585938,582.4264526367188,13.7
412,6,1279,637,1332,765,1305,765,1014.8724975585938,414.1014709472656,13.733333333333333
412,3,872,667,921,836,896,836,706.0546875,580.1893310546875,13.733333333333333
413,6,1280,638,1337,764,1308,764,1017.598876953125,411.4302673339844,13.766666666666667
413,3,872,664,919,834,895,834,705.1682739257812,575.7479858398438,13.766666666666667
414,6,1280,635,1341,764,1310,764,1019.135986328125,411.4765319824219,13.8
414,3,872,663,919,833,895,833,705.0720825195312,573.5260620117188,13.8
415,6,1280,630,1346,762,1313,762,1022.3076782226562,406.0380859375,13.833333333333334
415,3,871,662,918,832,894,832,704.2764282226562,571.2791748046875,13.833333333333334
416,6,1280,630,1350,763,1315,763,1023.4132080078125,408.8431701660156,13.866666666666667
416,3,871,662,916,833,893,833,703.6758422851562,573.4899291992188,13.866666666666667
417,6,1280,630,1354,763,1317,763,1024.9525146484375,408.8896179199219,13.9
417,3,869,664,914,834,891,834,702.3799438476562,575.676025390625,13.9
418,6,1280,631,1357,763,1318,763,1025.7220458984375,408.912841796875,13.933333333333334
418,3,868,663,914,835,891,835,702.4801025390625,577.8914184570312,13.933333333333334
419,6,1281,630,1359,763,1320,763,1027.26123046875,408.95928955078125,13.966666666666667
419,3,929,628,984,762,956,762,745.1400756835938,397.65509033203125,13.966666666666667
420,6,1282,629,1363,765,1322,765,1027.9134521484375,414.4931945800781,14.0
420,3,929,627,980,764,954,764,743.6597290039062,403.1828308105469,14.0
421,6,1283,629,1366,766,1324,766,1029.00341796875,417.26885986328125,14.033333333333333
421,3,929,627,981,764,955,764,744.4388427734375,403.2062683105469,14.033333333333333
422,6,1286,628,1367,767,1326,767,1030.0897216796875,420.034912109375,14.066666666666666
422,3,929,627,982,763,955,763,744.3986206054688,400.42364501953125,14.066666666666666
423,6,1290,629,1368,768,1329,768,1031.9349365234375,422.8141784667969,14.1
423,3,929,630,978,764,953,764,742.8805541992188,403.15936279296875,14.1
424,6,1292,629,1369,767,1330,767,1033.1461181640625,420.1263122558594,14.133333333333333
424,3,928,633,971,763,949,763,739.7153930664062,400.2823181152344,14.133333333333333
425,6,1296,629,1371,766,1333,766,1035.8919677734375,417.4753112792969,14.166666666666666
425,3,928,630,966,763,947,763,738.1541137695312,400.2351989746094,14.166666666666666
426,6,1309,629,1376,763,1342,763,1044.1834716796875,409.46990966796875,14.2
426,3,929,630,967,762,948,762,738.885009765625,397.4659118652344,14.2
427,6,1323,627,1380,764,1351,764,1050.620361328125,412.4244384765625,14.233333333333333
427,3,929,625,967,762,948,762,738.885009765625,397.4659118652344,14.233333333333333
428,6,1334,625,1382,760,1358,760,1057.96435546875,401.5493469238281,14.266666666666667
428,3,929,622,969,759,949,759,739.520751953125,389.05328369140625,14.266666666666667
429,6,1337,625,1387,759,1362,759,1061.5562744140625,398.8607177734375,14.3
429,3,928,620,969,760,948,760,738.7849731445312,391.85125732421875,14.3
430,6,1337,625,1396,761,1366,761,1063.6356201171875,404.5096435546875,14.333333333333334
430,3,925,620,968,759,946,759,737.1625366210938,388.9814758300781,14.333333333333334
431,6,1336,625,1397,762,1366,762,1063.130859375,407.27276611328125,14.366666666666667
431,3,924,622,967,759,945,759,736.3764038085938,388.95751953125,14.366666666666667
432,6,1335,626,1398,765,1366,765,1061.627197265625,415.5058898925781,14.4
432,3,919,622,967,759,943,759,734.8040161132812,388.9096374511719,14.4
433,6,1334,629,1399,768,1366,768,1060.1385498046875,423.65557861328125,14.433333333333334
433,3,919,622,967,760,943,760,734.861083984375,391.7320251464844,14.433333333333334
434,6,1335,633,1402,768,1368,768,1061.6619873046875,423.7010192871094,14.466666666666667
434,3,918,621,967,761,942,761,734.1344604492188,394.5209045410156,14.466666666666667
435,6,1336,633,1404,768,1370,768,1063.185302734375,423.7464599609375,14.5
435,3,916,622,965,760,940,760,732.5064086914062,391.66046142578125,14.5
436,6,1337,635,1407,768,1372,768,1064.7083740234375,423.7919006347656,14.533333333333333
436,3,916,623,966,760,941,760,733.2913208007812,391.684326171875,14.533333333333333
437,6,1340,634,1414,769,1377,769,1068.0089111328125,426.60272216796875,14.566666666666666
437,3,915,624,965,763,940,763,732.6885375976562,400.0702819824219,14.566666666666666
438,6,1341,635,1412,768,1376,768,1067.75439453125,423.88275146484375,14.6
438,3,914,626,961,765,937,765,730.47412109375,405.5587158203125,14.6
439,6,1344,635,1412,767,1378,767,1069.7869873046875,421.221923828125,14.633333333333333
439,3,913,625,961,767,937,767,730.6016235351562,411.07989501953125,14.633333333333333
440,6,1348,634,1413,771,1380,771,1069.2730712890625,432.0373840332031,14.666666666666666
440,3,911,624,962,769,936,769,729.9552612304688,416.5405578613281,14.666666666666666
